timestamp,open,high,low,close,volume,open_interest
2026-01-06 09:32:00+05:30,8.5,8.5,8.5,8.5,325,35945
2026-01-06 09:33:00+05:30,8.5,8.5,8.5,8.5,0,35945
2026-01-06 09:34:00+05:30,8.5,8.5,8.5,8.5,0,35945
2026-01-06 09:35:00+05:30,8.5,8.5,8.5,8.5,0,35945
2026-01-06 09:36:00+05:30,8.5,8.5,8.5,8.5,0,35945
2026-01-06 09:37:00+05:30,8.5,8.5,8.5,8.5,0,35945
2026-01-06 09:38:00+05:30,8.5,8.5,8.5,8.5,520,35945
2026-01-06 09:39:00+05:30,8.5,8.5,8.5,8.5,390,35945
2026-01-06 09:40:00+05:30,8.5,8.5,8.5,8.5,0,35945
2026-01-06 09:41:00+05:30,8.0,8.0,8.0,8.0,195,35035
2026-01-06 09:42:00+05:30,8.0,8.0,8.0,8.0,0,35035
2026-01-06 09:43:00+05:30,8.0,8.0,8.0,8.0,0,35035
2026-01-06 09:44:00+05:30,8.0,8.0,8.0,8.0,0,35035
2026-01-06 09:45:00+05:30,8.0,8.0,8.0,8.0,0,35035
2026-01-06 09:46:00+05:30,7.9,7.9,7.9,7.9,325,35230
2026-01-06 09:47:00+05:30,7.9,7.9,7.9,7.9,0,35230
2026-01-06 09:48:00+05:30,8.75,8.75,8.75,8.75,325,35230
2026-01-06 09:49:00+05:30,8.75,8.75,8.75,8.75,0,35230
2026-01-06 09:50:00+05:30,8.75,8.75,8.75,8.75,0,35230
2026-01-06 09:51:00+05:30,7.0,7.0,7.0,7.0,650,35230
2026-01-06 09:52:00+05:30,7.0,7.0,7.0,7.0,0,35230
2026-01-06 09:53:00+05:30,7.0,7.0,7.0,7.0,0,35230
2026-01-06 09:54:00+05:30,7.0,7.0,7.0,7.0,0,35230
2026-01-06 09:55:00+05:30,7.0,7.0,7.0,7.0,0,35230
2026-01-06 09:56:00+05:30,7.0,7.0,7.0,7.0,0,35230
2026-01-06 09:57:00+05:30,7.0,7.0,7.0,7.0,0,35230
2026-01-06 09:58:00+05:30,7.0,7.0,7.0,7.0,0,35230
2026-01-06 09:59:00+05:30,7.0,7.0,7.0,7.0,0,35230
2026-01-06 10:00:00+05:30,8.55,8.55,8.55,8.55,195,35230
2026-01-06 10:01:00+05:30,8.55,8.55,8.55,8.55,0,35230
2026-01-06 10:02:00+05:30,8.55,8.55,8.55,8.55,0,35230
2026-01-06 10:03:00+05:30,8.55,8.55,8.55,8.55,0,35230
2026-01-06 10:04:00+05:30,8.55,8.55,8.55,8.55,0,35230
2026-01-06 10:05:00+05:30,8.55,8.55,8.55,8.55,0,35230
2026-01-06 10:06:00+05:30,8.55,8.55,8.55,8.55,0,35230
2026-01-06 10:07:00+05:30,8.55,8.55,8.55,8.55,0,35230
2026-01-06 10:08:00+05:30,8.55,8.55,8.55,8.55,0,35230
2026-01-06 10:09:00+05:30,8.55,8.55,8.55,8.55,0,35230
2026-01-06 10:10:00+05:30,8.55,8.55,8.55,8.55,0,35230
2026-01-06 10:11:00+05:30,8.55,8.55,8.55,8.55,0,35230
2026-01-06 10:12:00+05:30,8.55,8.55,8.55,8.55,0,35230
2026-01-06 10:13:00+05:30,8.55,8.55,8.55,8.55,0,35230
2026-01-06 10:14:00+05:30,8.55,8.55,8.55,8.55,0,35230
2026-01-06 10:15:00+05:30,8.55,8.55,8.55,8.55,0,35230
2026-01-06 10:16:00+05:30,7.6,7.6,7.6,7.6,195,35230
2026-01-06 10:17:00+05:30,7.6,7.6,7.6,7.6,0,35230
2026-01-06 10:18:00+05:30,7.6,7.6,7.6,7.6,0,35230
2026-01-06 10:19:00+05:30,7.6,7.6,7.6,7.6,0,35230
2026-01-06 10:20:00+05:30,7.6,7.6,7.6,7.6,0,35230
2026-01-06 10:21:00+05:30,7.6,7.6,7.6,7.6,0,35230
2026-01-06 10:22:00+05:30,7.6,7.6,7.6,7.6,0,35230
2026-01-06 10:23:00+05:30,7.6,7.6,7.6,7.6,0,35230
2026-01-06 10:24:00+05:30,7.6,7.6,7.6,7.6,0,35230
2026-01-06 10:25:00+05:30,7.6,7.6,7.6,7.6,0,35230
2026-01-06 10:26:00+05:30,7.6,7.6,7.6,7.6,0,35230
2026-01-06 10:27:00+05:30,7.6,7.6,7.6,7.6,0,35230
2026-01-06 10:28:00+05:30,7.6,7.6,7.6,7.6,0,35230
2026-01-06 10:29:00+05:30,7.6,7.6,7.6,7.6,0,35230
2026-01-06 10:30:00+05:30,7.6,7.6,7.6,7.6,0,35230
2026-01-06 10:31:00+05:30,7.6,7.6,7.6,7.6,0,35230
2026-01-06 10:32:00+05:30,7.6,7.6,7.6,7.6,0,35230
2026-01-06 10:33:00+05:30,7.6,7.6,7.6,7.6,0,35230
2026-01-06 10:34:00+05:30,7.6,7.6,7.6,7.6,0,35230
2026-01-06 10:35:00+05:30,7.6,7.6,7.6,7.6,0,35230
2026-01-06 10:36:00+05:30,7.6,7.6,7.6,7.6,0,35230
2026-01-06 10:37:00+05:30,7.6,7.6,7.6,7.6,0,35230
2026-01-06 10:38:00+05:30,7.6,7.6,7.6,7.6,0,35230
2026-01-06 10:39:00+05:30,7.6,7.6,7.6,7.6,0,35230
2026-01-06 10:40:00+05:30,7.6,7.6,7.6,7.6,0,35230
2026-01-06 10:41:00+05:30,7.6,7.6,7.6,7.6,0,35230
2026-01-06 10:42:00+05:30,7.6,7.6,7.6,7.6,0,35230
2026-01-06 10:43:00+05:30,7.6,7.6,7.6,7.6,0,35230
2026-01-06 10:44:00+05:30,7.6,7.6,7.6,7.6,0,35230
2026-01-06 10:45:00+05:30,7.6,7.6,7.6,7.6,0,35230
2026-01-06 10:46:00+05:30,7.6,7.6,7.6,7.6,0,35230
2026-01-06 10:47:00+05:30,7.6,7.6,7.6,7.6,0,35230
2026-01-06 10:48:00+05:30,7.6,7.6,7.6,7.6,0,35230
2026-01-06 10:49:00+05:30,7.6,7.6,7.6,7.6,0,35230
2026-01-06 10:50:00+05:30,7.6,7.6,7.6,7.6,0,35230
2026-01-06 10:51:00+05:30,7.6,7.6,7.6,7.6,0,35230
2026-01-06 10:52:00+05:30,7.6,7.6,7.6,7.6,0,35230
2026-01-06 10:53:00+05:30,7.6,7.6,7.6,7.6,0,35230
2026-01-06 10:54:00+05:30,7.6,7.6,7.6,7.6,0,35230
2026-01-06 10:55:00+05:30,7.6,7.6,7.6,7.6,0,35230
2026-01-06 10:56:00+05:30,7.6,7.6,7.6,7.6,0,35230
2026-01-06 10:57:00+05:30,7.6,7.6,7.6,7.6,0,35230
2026-01-06 10:58:00+05:30,7.6,7.6,7.6,7.6,0,35230
2026-01-06 10:59:00+05:30,7.6,7.6,7.6,7.6,0,35230
2026-01-06 11:00:00+05:30,7.6,7.6,7.6,7.6,0,35230
2026-01-06 11:01:00+05:30,7.6,7.6,7.6,7.6,0,35230
2026-01-06 11:02:00+05:30,7.6,7.6,7.6,7.6,0,35230
2026-01-06 11:03:00+05:30,7.6,7.6,7.6,7.6,0,35230
2026-01-06 11:04:00+05:30,7.6,7.6,7.6,7.6,0,35230
2026-01-06 11:05:00+05:30,7.6,7.6,7.6,7.6,0,35230
2026-01-06 11:06:00+05:30,7.6,7.6,7.6,7.6,0,35230
2026-01-06 11:07:00+05:30,7.6,7.6,7.6,7.6,0,35230
2026-01-06 11:08:00+05:30,7.6,7.6,7.6,7.6,0,35230
2026-01-06 11:09:00+05:30,7.6,7.6,7.6,7.6,0,35230
2026-01-06 11:10:00+05:30,7.6,7.6,7.6,7.6,0,35230
2026-01-06 11:11:00+05:30,7.6,7.6,7.6,7.6,0,35230
2026-01-06 11:12:00+05:30,7.6,7.6,7.6,7.6,0,35230
2026-01-06 11:13:00+05:30,7.6,7.6,7.6,7.6,0,35230
2026-01-06 11:14:00+05:30,7.6,7.6,7.6,7.6,0,35230
2026-01-06 11:15:00+05:30,7.6,7.6,7.6,7.6,0,35230
2026-01-06 11:16:00+05:30,7.6,7.6,7.6,7.6,0,35230
2026-01-06 11:17:00+05:30,7.6,7.6,7.6,7.6,0,35230
2026-01-06 11:18:00+05:30,7.6,7.6,7.6,7.6,0,35230
2026-01-06 11:19:00+05:30,7.6,7.6,7.6,7.6,0,35230
2026-01-06 11:20:00+05:30,7.75,7.75,7.75,7.75,325,35035
2026-01-06 11:21:00+05:30,7.75,7.75,7.75,7.75,0,35035
2026-01-06 11:22:00+05:30,7.75,7.75,7.75,7.75,0,35035
2026-01-06 11:23:00+05:30,7.75,7.75,7.75,7.75,0,35035
2026-01-06 11:24:00+05:30,7.75,7.75,7.75,7.75,0,35035
2026-01-06 11:25:00+05:30,7.75,7.75,7.75,7.75,0,35035
2026-01-06 11:26:00+05:30,7.75,7.75,7.75,7.75,0,35035
2026-01-06 11:27:00+05:30,7.75,7.75,7.75,7.75,0,35035
2026-01-06 11:28:00+05:30,7.75,7.75,7.75,7.75,0,35035
2026-01-06 11:29:00+05:30,7.75,7.75,7.75,7.75,0,35035
2026-01-06 11:30:00+05:30,7.75,7.75,7.75,7.75,0,35035
2026-01-06 11:31:00+05:30,7.75,7.75,7.75,7.75,0,35035
2026-01-06 11:32:00+05:30,7.75,7.75,7.75,7.75,0,35035
2026-01-06 11:33:00+05:30,7.75,7.75,7.75,7.75,0,35035
2026-01-06 11:34:00+05:30,8.15,8.15,8.15,8.15,130,35035
2026-01-06 11:35:00+05:30,8.15,8.15,8.15,8.15,0,35035
2026-01-06 11:36:00+05:30,8.15,8.15,8.15,8.15,0,35035
2026-01-06 11:37:00+05:30,8.15,8.15,8.15,8.15,0,35035
2026-01-06 11:38:00+05:30,8.15,8.15,8.15,8.15,0,35035
2026-01-06 11:39:00+05:30,8.15,8.15,8.15,8.15,0,35035
2026-01-06 11:40:00+05:30,8.15,8.15,8.15,8.15,0,35035
2026-01-06 11:41:00+05:30,8.15,8.15,8.15,8.15,0,35035
2026-01-06 11:42:00+05:30,8.15,8.15,8.15,8.15,0,35035
2026-01-06 11:43:00+05:30,7.1,8.75,7.0,7.05,650,35035
2026-01-06 11:44:00+05:30,7.05,7.05,7.05,7.05,0,35035
2026-01-06 11:45:00+05:30,7.05,7.05,7.05,7.05,0,35035
2026-01-06 11:46:00+05:30,7.05,7.05,7.05,7.05,0,35035
2026-01-06 11:47:00+05:30,7.05,7.05,7.05,7.05,0,35035
2026-01-06 11:48:00+05:30,7.05,7.05,7.05,7.05,0,35035
2026-01-06 11:49:00+05:30,7.05,7.05,7.05,7.05,0,35035
2026-01-06 11:50:00+05:30,7.05,7.05,7.05,7.05,0,35035
2026-01-06 11:51:00+05:30,7.05,7.05,7.05,7.05,0,35035
2026-01-06 11:52:00+05:30,7.05,7.05,7.05,7.05,0,35035
2026-01-06 11:53:00+05:30,7.05,7.05,7.05,7.05,0,35035
2026-01-06 11:54:00+05:30,7.05,7.05,7.05,7.05,0,35035
2026-01-06 11:55:00+05:30,7.05,7.05,7.05,7.05,0,35035
2026-01-06 11:56:00+05:30,7.05,7.05,7.05,7.05,0,35035
2026-01-06 11:57:00+05:30,7.05,7.05,7.05,7.05,0,35035
2026-01-06 11:58:00+05:30,7.05,7.05,7.05,7.05,0,35035
2026-01-06 11:59:00+05:30,7.05,7.05,7.05,7.05,0,35035
2026-01-06 12:00:00+05:30,7.05,7.05,7.05,7.05,0,35035
2026-01-06 12:01:00+05:30,7.05,7.05,7.05,7.05,0,35035
2026-01-06 12:02:00+05:30,7.4,7.4,7.05,7.05,195,34710
2026-01-06 12:03:00+05:30,7.05,7.05,7.05,7.05,0,34710
2026-01-06 12:04:00+05:30,7.05,7.05,7.05,7.05,0,34710
2026-01-06 12:05:00+05:30,7.05,7.05,7.05,7.05,0,34710
2026-01-06 12:06:00+05:30,7.05,7.05,7.05,7.05,0,34710
2026-01-06 12:07:00+05:30,7.05,7.05,7.05,7.05,0,34710
2026-01-06 12:08:00+05:30,7.05,7.05,7.05,7.05,0,34710
2026-01-06 12:09:00+05:30,7.05,7.05,7.05,7.05,0,34710
2026-01-06 12:10:00+05:30,7.05,7.05,7.05,7.05,0,34710
2026-01-06 12:11:00+05:30,7.05,7.05,7.05,7.05,0,34710
2026-01-06 12:12:00+05:30,7.05,7.05,7.05,7.05,0,34710
2026-01-06 12:13:00+05:30,7.05,7.05,7.05,7.05,0,34710
2026-01-06 12:14:00+05:30,7.05,7.05,7.05,7.05,0,34710
2026-01-06 12:15:00+05:30,7.05,7.05,7.05,7.05,0,34710
2026-01-06 12:16:00+05:30,7.05,7.05,7.05,7.05,0,34710
2026-01-06 12:17:00+05:30,7.25,7.25,7.25,7.25,195,34710
2026-01-06 12:18:00+05:30,7.6,7.6,7.6,7.6,2275,34580
2026-01-06 12:19:00+05:30,7.6,7.6,7.6,7.6,0,34580
2026-01-06 12:20:00+05:30,7.6,7.6,7.6,7.6,0,34580
2026-01-06 12:21:00+05:30,7.6,7.6,7.6,7.6,0,34580
2026-01-06 12:22:00+05:30,7.6,7.6,7.6,7.6,0,34580
2026-01-06 12:23:00+05:30,7.6,7.6,7.6,7.6,0,34580
2026-01-06 12:24:00+05:30,7.6,7.6,7.6,7.6,0,34580
2026-01-06 12:25:00+05:30,7.6,7.6,7.6,7.6,0,34580
2026-01-06 12:26:00+05:30,7.6,7.6,7.6,7.6,0,34580
2026-01-06 12:27:00+05:30,7.6,7.6,7.6,7.6,0,34580
2026-01-06 12:28:00+05:30,7.6,7.6,7.6,7.6,325,34580
2026-01-06 12:29:00+05:30,7.6,7.6,7.6,7.6,0,34580
2026-01-06 12:30:00+05:30,8.0,8.0,8.0,8.0,1690,34645
2026-01-06 12:31:00+05:30,8.0,8.0,8.0,8.0,0,34645
2026-01-06 12:32:00+05:30,8.0,8.0,8.0,8.0,0,34645
2026-01-06 12:33:00+05:30,8.0,8.0,8.0,8.0,0,34645
2026-01-06 12:34:00+05:30,8.0,8.0,8.0,8.0,0,34645
2026-01-06 12:35:00+05:30,8.0,8.0,8.0,8.0,0,34645
2026-01-06 12:36:00+05:30,8.0,8.0,8.0,8.0,0,34645
2026-01-06 12:37:00+05:30,8.0,8.0,8.0,8.0,0,34645
2026-01-06 12:38:00+05:30,8.0,8.0,8.0,8.0,0,34645
2026-01-06 12:39:00+05:30,8.0,8.0,8.0,8.0,0,34645
2026-01-06 12:40:00+05:30,8.0,8.0,8.0,8.0,0,34645
2026-01-06 12:41:00+05:30,8.0,8.0,8.0,8.0,0,34645
2026-01-06 12:42:00+05:30,8.0,8.0,8.0,8.0,0,34645
2026-01-06 12:43:00+05:30,8.0,8.0,8.0,8.0,0,34645
2026-01-06 12:44:00+05:30,8.0,8.0,8.0,8.0,0,34645
2026-01-06 12:45:00+05:30,8.0,8.0,8.0,8.0,0,34645
2026-01-06 12:46:00+05:30,8.0,8.0,8.0,8.0,0,34645
2026-01-06 12:47:00+05:30,8.0,8.0,8.0,8.0,0,34645
2026-01-06 12:48:00+05:30,8.0,8.0,8.0,8.0,0,34645
2026-01-06 12:49:00+05:30,8.0,8.0,8.0,8.0,0,34645
2026-01-06 12:50:00+05:30,8.0,8.0,8.0,8.0,0,34645
2026-01-06 12:51:00+05:30,8.0,8.0,8.0,8.0,0,34645
2026-01-06 12:52:00+05:30,8.0,8.0,8.0,8.0,0,34645
2026-01-06 12:53:00+05:30,8.0,8.0,8.0,8.0,0,34645
2026-01-06 12:54:00+05:30,8.0,8.0,8.0,8.0,0,34645
2026-01-06 12:55:00+05:30,8.0,8.0,8.0,8.0,0,34645
2026-01-06 12:56:00+05:30,8.0,8.0,8.0,8.0,0,34645
2026-01-06 12:57:00+05:30,8.0,8.0,8.0,8.0,0,34645
2026-01-06 12:58:00+05:30,8.0,8.0,8.0,8.0,0,34645
2026-01-06 12:59:00+05:30,8.0,8.0,8.0,8.0,0,34645
2026-01-06 13:00:00+05:30,8.0,8.0,8.0,8.0,0,34645
2026-01-06 13:01:00+05:30,8.0,8.0,8.0,8.0,0,34645
2026-01-06 13:02:00+05:30,8.0,8.0,8.0,8.0,0,34645
2026-01-06 13:03:00+05:30,8.0,8.0,8.0,8.0,0,34645
2026-01-06 13:04:00+05:30,8.0,8.0,8.0,8.0,0,34645
2026-01-06 13:05:00+05:30,8.0,8.0,8.0,8.0,0,34645
2026-01-06 13:06:00+05:30,8.0,8.0,8.0,8.0,0,34645
2026-01-06 13:07:00+05:30,8.0,8.0,8.0,8.0,0,34645
2026-01-06 13:08:00+05:30,8.0,8.0,8.0,8.0,0,34645
2026-01-06 13:09:00+05:30,8.0,8.0,8.0,8.0,0,34645
2026-01-06 13:10:00+05:30,8.0,8.0,8.0,8.0,0,34645
2026-01-06 13:11:00+05:30,8.0,8.0,8.0,8.0,0,34645
2026-01-06 13:12:00+05:30,8.0,8.0,8.0,8.0,0,34645
2026-01-06 13:13:00+05:30,8.0,8.0,8.0,8.0,0,34645
2026-01-06 13:14:00+05:30,8.0,8.0,8.0,8.0,0,34645
2026-01-06 13:15:00+05:30,8.0,8.0,8.0,8.0,0,34645
2026-01-06 13:16:00+05:30,8.0,8.0,8.0,8.0,0,34645
2026-01-06 13:17:00+05:30,8.0,8.0,8.0,8.0,0,34645
2026-01-06 13:18:00+05:30,7.4,7.4,7.4,7.4,130,36335
2026-01-06 13:19:00+05:30,7.4,7.4,7.4,7.4,0,36335
2026-01-06 13:20:00+05:30,7.4,7.4,7.4,7.4,0,36335
2026-01-06 13:21:00+05:30,7.4,7.4,7.4,7.4,0,36335
2026-01-06 13:22:00+05:30,7.4,7.4,7.4,7.4,0,36335
2026-01-06 13:23:00+05:30,7.4,7.4,7.4,7.4,0,36335
2026-01-06 13:24:00+05:30,7.4,7.4,7.4,7.4,0,36335
2026-01-06 13:25:00+05:30,7.4,7.4,7.4,7.4,0,36335
2026-01-06 13:26:00+05:30,7.4,7.4,7.4,7.4,0,36335
2026-01-06 13:27:00+05:30,7.4,7.4,7.4,7.4,0,36335
2026-01-06 13:28:00+05:30,7.4,7.4,7.4,7.4,0,36335
2026-01-06 13:29:00+05:30,7.4,7.4,7.4,7.4,0,36335
2026-01-06 13:30:00+05:30,7.4,7.4,7.4,7.4,0,36335
2026-01-06 13:31:00+05:30,6.35,7.4,6.35,7.3,2405,36335
2026-01-06 13:32:00+05:30,7.2,7.2,7.2,7.2,260,36335
2026-01-06 13:33:00+05:30,7.2,7.2,7.2,7.2,0,36335
2026-01-06 13:34:00+05:30,7.2,7.2,7.2,7.2,0,36335
2026-01-06 13:35:00+05:30,7.2,7.2,7.2,7.2,0,36335
2026-01-06 13:36:00+05:30,7.2,7.2,7.2,7.2,0,36335
2026-01-06 13:37:00+05:30,7.2,7.2,7.2,7.2,0,36335
2026-01-06 13:38:00+05:30,7.2,7.2,7.2,7.2,0,36335
2026-01-06 13:39:00+05:30,7.2,7.2,7.2,7.2,0,36335
2026-01-06 13:40:00+05:30,7.2,7.2,7.2,7.2,0,36335
2026-01-06 13:41:00+05:30,7.2,7.2,7.2,7.2,0,36335
2026-01-06 13:42:00+05:30,7.2,7.2,7.2,7.2,0,36335
2026-01-06 13:43:00+05:30,7.2,7.2,7.2,7.2,0,36335
2026-01-06 13:44:00+05:30,7.2,7.2,7.2,7.2,0,36335
2026-01-06 13:45:00+05:30,7.2,7.2,7.2,7.2,0,36335
2026-01-06 13:46:00+05:30,7.75,7.75,6.85,6.85,130,36855
2026-01-06 13:47:00+05:30,6.85,6.85,6.85,6.85,0,36855
2026-01-06 13:48:00+05:30,6.85,6.85,6.85,6.85,0,36855
2026-01-06 13:49:00+05:30,6.85,6.85,6.85,6.85,0,36855
2026-01-06 13:50:00+05:30,6.85,6.85,6.85,6.85,0,36855
2026-01-06 13:51:00+05:30,6.85,6.85,6.85,6.85,0,36855
2026-01-06 13:52:00+05:30,6.85,6.85,6.85,6.85,0,36855
2026-01-06 13:53:00+05:30,6.85,6.85,6.85,6.85,0,36855
2026-01-06 13:54:00+05:30,6.85,6.85,6.85,6.85,0,36855
2026-01-06 13:55:00+05:30,6.85,6.85,6.85,6.85,0,36855
2026-01-06 13:56:00+05:30,6.85,6.85,6.85,6.85,0,36855
2026-01-06 13:57:00+05:30,6.85,6.85,6.85,6.85,0,36855
2026-01-06 13:58:00+05:30,6.85,6.85,6.85,6.85,0,36855
2026-01-06 13:59:00+05:30,6.85,6.85,6.85,6.85,0,36855
2026-01-06 14:00:00+05:30,6.85,6.85,6.85,6.85,0,36855
2026-01-06 14:01:00+05:30,6.85,6.85,6.85,6.85,0,36855
2026-01-06 14:02:00+05:30,6.85,6.85,6.85,6.85,0,36855
2026-01-06 14:03:00+05:30,6.85,6.85,6.85,6.85,0,36855
2026-01-06 14:04:00+05:30,6.85,6.85,6.85,6.85,0,36855
2026-01-06 14:05:00+05:30,7.55,7.55,7.55,7.55,455,36920
2026-01-06 14:06:00+05:30,7.55,7.55,7.55,7.55,0,36920
2026-01-06 14:07:00+05:30,7.55,7.55,7.55,7.55,0,36920
2026-01-06 14:08:00+05:30,7.55,7.55,7.55,7.55,0,36920
2026-01-06 14:09:00+05:30,7.55,7.55,7.55,7.55,0,36920
2026-01-06 14:10:00+05:30,7.55,7.55,7.55,7.55,0,36920
2026-01-06 14:11:00+05:30,7.55,7.55,7.55,7.55,0,36920
2026-01-06 14:12:00+05:30,7.55,7.55,7.55,7.55,0,36920
2026-01-06 14:13:00+05:30,7.55,7.55,7.55,7.55,0,36920
2026-01-06 14:14:00+05:30,7.55,7.55,7.55,7.55,0,36920
2026-01-06 14:15:00+05:30,7.55,7.55,7.55,7.55,0,36920
2026-01-06 14:16:00+05:30,7.55,7.55,7.55,7.55,130,37375
2026-01-06 14:17:00+05:30,7.55,7.55,7.55,7.55,0,37375
2026-01-06 14:18:00+05:30,7.55,7.55,7.55,7.55,0,37375
2026-01-06 14:19:00+05:30,7.55,7.55,7.55,7.55,0,37375
2026-01-06 14:20:00+05:30,7.15,7.15,7.15,7.15,65,37505
2026-01-06 14:21:00+05:30,7.2,7.2,7.2,7.2,65,37505
2026-01-06 14:22:00+05:30,7.2,7.2,7.2,7.2,0,37505
2026-01-06 14:23:00+05:30,7.2,7.2,7.2,7.2,0,37505
2026-01-06 14:24:00+05:30,7.2,7.2,7.2,7.2,0,37505
2026-01-06 14:25:00+05:30,7.2,7.2,7.2,7.2,0,37505
2026-01-06 14:26:00+05:30,7.2,7.2,7.2,7.2,0,37505
2026-01-06 14:27:00+05:30,7.2,7.2,7.2,7.2,0,37505
2026-01-06 14:28:00+05:30,7.2,7.2,7.2,7.2,0,37505
2026-01-06 14:29:00+05:30,7.2,7.2,7.2,7.2,0,37505
2026-01-06 14:30:00+05:30,7.2,7.2,7.2,7.2,0,37505
2026-01-06 14:31:00+05:30,7.2,7.2,7.2,7.2,0,37505
2026-01-06 14:32:00+05:30,7.25,7.25,7.25,7.25,130,37505
2026-01-06 14:33:00+05:30,7.25,7.25,7.25,7.25,0,37505
2026-01-06 14:34:00+05:30,7.25,7.25,7.25,7.25,130,37505
2026-01-06 14:35:00+05:30,7.25,7.25,7.25,7.25,0,37505
2026-01-06 14:36:00+05:30,7.25,7.25,7.25,7.25,0,37505
2026-01-06 14:37:00+05:30,7.25,7.25,7.25,7.25,0,37505
2026-01-06 14:38:00+05:30,6.9,6.9,6.9,6.9,4225,37505
2026-01-06 14:39:00+05:30,6.9,6.9,6.9,6.9,0,37505
2026-01-06 14:40:00+05:30,6.9,6.9,6.9,6.9,0,37505
2026-01-06 14:41:00+05:30,6.9,6.9,6.9,6.9,0,37505
2026-01-06 14:42:00+05:30,6.9,6.9,6.9,6.9,0,37505
2026-01-06 14:43:00+05:30,6.9,6.95,6.9,6.95,910,34840
2026-01-06 14:44:00+05:30,6.95,6.95,6.95,6.95,0,34840
2026-01-06 14:45:00+05:30,6.95,6.95,6.95,6.95,0,34840
2026-01-06 14:46:00+05:30,6.95,6.95,6.95,6.95,0,34840
2026-01-06 14:47:00+05:30,6.95,6.95,6.95,6.95,325,33930
2026-01-06 14:48:00+05:30,6.95,6.95,6.95,6.95,0,33930
2026-01-06 14:49:00+05:30,6.95,6.95,6.95,6.95,325,33605
2026-01-06 14:50:00+05:30,6.95,6.95,6.9,6.9,520,33280
2026-01-06 14:51:00+05:30,6.9,6.9,6.9,6.9,0,33280
2026-01-06 14:52:00+05:30,6.9,6.9,6.9,6.9,0,33280
2026-01-06 14:53:00+05:30,6.9,6.9,6.9,6.9,0,33280
2026-01-06 14:54:00+05:30,6.9,6.9,6.9,6.9,0,33280
2026-01-06 14:55:00+05:30,6.9,6.9,6.9,6.9,0,33280
2026-01-06 14:56:00+05:30,6.9,6.9,6.9,6.9,0,33280
2026-01-06 14:57:00+05:30,7.0,7.0,7.0,7.0,325,33280
2026-01-06 14:58:00+05:30,7.0,7.0,7.0,7.0,0,33280
2026-01-06 14:59:00+05:30,7.0,7.0,7.0,7.0,715,32955
2026-01-06 15:00:00+05:30,6.35,6.75,6.35,6.75,1560,32955
2026-01-06 15:01:00+05:30,6.75,6.75,6.75,6.75,0,32955
2026-01-06 15:02:00+05:30,6.75,6.75,6.75,6.75,0,32955
2026-01-06 15:03:00+05:30,6.75,6.75,6.75,6.75,0,32955
2026-01-06 15:04:00+05:30,6.75,6.75,6.75,6.75,0,32955
2026-01-06 15:05:00+05:30,6.75,6.75,6.75,6.75,0,32955
2026-01-06 15:06:00+05:30,7.45,7.45,7.45,7.45,65,31655
2026-01-06 15:07:00+05:30,7.45,7.45,7.45,7.45,0,31655
2026-01-06 15:08:00+05:30,7.05,7.05,6.85,6.85,1105,31655
2026-01-06 15:09:00+05:30,6.85,6.85,6.85,6.85,0,31655
2026-01-06 15:10:00+05:30,6.85,6.85,6.85,6.85,0,31655
2026-01-06 15:11:00+05:30,6.85,6.85,6.85,6.85,0,31655
2026-01-06 15:12:00+05:30,6.85,6.85,6.85,6.85,0,31655
2026-01-06 15:13:00+05:30,6.85,6.85,6.85,6.85,0,31655
2026-01-06 15:14:00+05:30,6.85,6.85,6.85,6.85,0,31655
2026-01-06 15:15:00+05:30,7.4,7.4,7.4,7.4,65,31655
2026-01-06 15:16:00+05:30,7.4,7.4,7.4,7.4,0,31655
2026-01-06 15:17:00+05:30,7.4,7.4,7.4,7.4,0,31655
2026-01-06 15:18:00+05:30,7.4,7.4,7.4,7.4,0,31655
2026-01-06 15:19:00+05:30,7.4,7.4,7.4,7.4,0,31655
2026-01-06 15:20:00+05:30,7.4,7.4,7.4,7.4,0,31655
2026-01-06 15:21:00+05:30,7.4,7.4,7.4,7.4,0,31655
2026-01-06 15:22:00+05:30,7.4,7.4,7.4,7.4,0,31655
2026-01-06 15:23:00+05:30,7.4,7.4,7.4,7.4,0,31655
2026-01-06 15:24:00+05:30,7.4,7.4,7.4,7.4,0,31655
2026-01-06 15:25:00+05:30,7.4,7.4,7.4,7.4,0,31655
2026-01-06 15:26:00+05:30,7.25,7.25,7.25,7.25,65,31655
2026-01-06 15:27:00+05:30,7.25,7.25,7.25,7.25,0,31655
2026-01-06 15:28:00+05:30,7.25,7.25,7.25,7.25,0,31655
2026-01-06 15:29:00+05:30,7.25,7.25,7.25,7.25,0,31655
2026-01-07 09:15:00+05:30,7.0,7.0,7.0,7.0,65,31655
2026-01-07 09:16:00+05:30,7.0,7.0,7.0,7.0,0,31655
2026-01-07 09:17:00+05:30,6.9,6.9,6.9,6.9,65,31720
2026-01-07 09:18:00+05:30,6.9,6.9,6.9,6.9,0,31720
2026-01-07 09:19:00+05:30,6.9,6.9,6.9,6.9,0,31720
2026-01-07 09:20:00+05:30,6.9,6.9,6.9,6.9,0,31720
2026-01-07 09:21:00+05:30,6.9,6.9,6.9,6.9,130,31785
2026-01-07 09:22:00+05:30,6.65,6.65,6.65,6.65,65,31915
2026-01-07 09:23:00+05:30,6.85,6.85,6.65,6.75,1300,31915
2026-01-07 09:24:00+05:30,6.75,6.75,6.75,6.75,65,31915
2026-01-07 09:25:00+05:30,6.9,6.9,6.9,6.9,65,33215
2026-01-07 09:26:00+05:30,6.75,6.75,6.6,6.6,2730,33215
2026-01-07 09:27:00+05:30,6.6,6.6,6.6,6.6,0,33215
2026-01-07 09:28:00+05:30,6.6,6.6,6.6,6.6,0,33215
2026-01-07 09:29:00+05:30,6.6,6.6,6.6,6.6,0,33215
2026-01-07 09:30:00+05:30,6.75,6.8,6.75,6.8,390,33280
2026-01-07 09:31:00+05:30,6.85,6.85,6.85,6.85,455,33475
2026-01-07 09:32:00+05:30,6.85,6.85,6.85,6.85,0,33475
2026-01-07 09:33:00+05:30,6.85,6.85,6.85,6.85,0,33475
2026-01-07 09:34:00+05:30,6.95,6.95,6.95,6.95,260,33930
2026-01-07 09:35:00+05:30,6.95,6.95,6.95,6.95,0,33930
2026-01-07 09:36:00+05:30,6.95,6.95,6.95,6.95,0,33930
2026-01-07 09:37:00+05:30,6.95,6.95,6.95,6.95,0,33930
2026-01-07 09:38:00+05:30,6.95,6.95,6.95,6.95,0,33930
2026-01-07 09:39:00+05:30,6.8,6.8,6.8,6.8,130,34190
2026-01-07 09:40:00+05:30,6.8,6.8,6.8,6.8,0,34190
2026-01-07 09:41:00+05:30,6.8,6.8,6.8,6.8,0,34190
2026-01-07 09:42:00+05:30,6.85,6.85,6.8,6.8,325,34320
2026-01-07 09:43:00+05:30,6.8,6.8,6.8,6.8,260,34320
2026-01-07 09:44:00+05:30,6.75,6.75,6.75,6.75,390,34385
2026-01-07 09:45:00+05:30,6.7,6.7,6.7,6.7,195,34385
2026-01-07 09:46:00+05:30,6.7,6.7,6.7,6.7,0,34385
2026-01-07 09:47:00+05:30,6.8,6.8,6.8,6.8,455,34710
2026-01-07 09:48:00+05:30,6.8,6.8,6.8,6.8,0,34710
2026-01-07 09:49:00+05:30,6.7,6.7,6.7,6.7,260,35165
2026-01-07 09:50:00+05:30,6.7,6.7,6.7,6.7,585,35165
2026-01-07 09:51:00+05:30,6.7,6.7,6.7,6.7,0,35165
2026-01-07 09:52:00+05:30,6.8,6.8,6.8,6.8,65,34970
2026-01-07 09:53:00+05:30,6.8,6.95,6.8,6.85,845,34970
2026-01-07 09:54:00+05:30,6.8,6.8,6.8,6.8,130,34970
2026-01-07 09:55:00+05:30,6.8,6.8,6.8,6.8,0,34970
2026-01-07 09:56:00+05:30,6.8,6.8,6.8,6.8,0,34970
2026-01-07 09:57:00+05:30,6.75,6.75,6.75,6.75,130,35685
2026-01-07 09:58:00+05:30,6.75,6.75,6.75,6.75,0,35685
2026-01-07 09:59:00+05:30,6.5,6.5,6.5,6.5,65,35685
2026-01-07 10:00:00+05:30,6.6,6.65,6.5,6.65,325,35685
2026-01-07 10:01:00+05:30,6.7,6.7,6.7,6.7,260,35815
2026-01-07 10:02:00+05:30,6.7,6.7,6.7,6.7,1690,35815
2026-01-07 10:03:00+05:30,6.5,6.5,6.5,6.5,390,35815
2026-01-07 10:04:00+05:30,6.7,6.7,6.7,6.7,65,37635
2026-01-07 10:05:00+05:30,6.7,6.7,6.7,6.7,0,37635
2026-01-07 10:06:00+05:30,6.6,6.65,6.6,6.65,260,37635
2026-01-07 10:07:00+05:30,6.75,6.75,6.6,6.6,195,37765
2026-01-07 10:08:00+05:30,6.6,6.6,6.55,6.6,2795,37765
2026-01-07 10:09:00+05:30,6.55,6.6,6.45,6.45,2015,37765
2026-01-07 10:10:00+05:30,6.5,6.5,6.35,6.4,1300,40365
2026-01-07 10:11:00+05:30,6.45,6.45,6.45,6.45,130,40365
2026-01-07 10:12:00+05:30,6.45,6.45,6.45,6.45,0,40365
2026-01-07 10:13:00+05:30,6.45,6.45,6.45,6.45,0,40365
2026-01-07 10:14:00+05:30,6.45,6.45,6.45,6.45,0,40365
2026-01-07 10:15:00+05:30,6.5,6.5,6.45,6.45,130,41470
2026-01-07 10:16:00+05:30,6.45,6.45,6.45,6.45,0,41470
2026-01-07 10:17:00+05:30,6.5,6.55,6.5,6.55,520,41470
2026-01-07 10:18:00+05:30,6.55,6.55,6.55,6.55,0,41470
2026-01-07 10:19:00+05:30,6.45,6.45,6.45,6.45,455,41470
2026-01-07 10:20:00+05:30,6.5,6.5,6.5,6.5,65,41470
2026-01-07 10:21:00+05:30,6.5,6.5,6.5,6.5,0,41470
2026-01-07 10:22:00+05:30,6.5,6.5,6.5,6.5,0,41470
2026-01-07 10:23:00+05:30,6.5,6.5,6.5,6.5,0,41470
2026-01-07 10:24:00+05:30,6.5,6.5,6.5,6.5,0,41470
2026-01-07 10:25:00+05:30,6.5,6.5,6.5,6.5,0,41470
2026-01-07 10:26:00+05:30,6.55,6.55,6.55,6.55,195,41470
2026-01-07 10:27:00+05:30,6.5,6.7,6.5,6.7,325,41470
2026-01-07 10:28:00+05:30,6.45,6.45,6.45,6.45,130,41600
2026-01-07 10:29:00+05:30,6.35,6.55,6.35,6.55,910,41600
2026-01-07 10:30:00+05:30,6.55,6.55,6.55,6.55,0,41600
2026-01-07 10:31:00+05:30,6.4,6.4,6.4,6.4,195,41145
2026-01-07 10:32:00+05:30,6.4,6.4,6.4,6.4,0,41145
2026-01-07 10:33:00+05:30,6.45,6.45,6.45,6.45,65,41145
2026-01-07 10:34:00+05:30,6.45,6.45,6.45,6.45,0,41145
2026-01-07 10:35:00+05:30,6.45,6.45,6.45,6.45,0,41145
2026-01-07 10:36:00+05:30,6.45,6.45,6.45,6.45,0,41145
2026-01-07 10:37:00+05:30,6.45,6.45,6.45,6.45,0,41145
2026-01-07 10:38:00+05:30,6.45,6.45,6.45,6.45,0,41145
2026-01-07 10:39:00+05:30,6.45,6.45,6.45,6.45,0,41145
2026-01-07 10:40:00+05:30,6.45,6.45,6.45,6.45,0,41145
2026-01-07 10:41:00+05:30,6.45,6.45,6.45,6.45,0,41145
2026-01-07 10:42:00+05:30,6.45,6.45,6.45,6.45,0,41145
2026-01-07 10:43:00+05:30,6.45,6.45,6.45,6.45,0,41145
2026-01-07 10:44:00+05:30,6.45,6.45,6.45,6.45,0,41145
2026-01-07 10:45:00+05:30,6.45,6.45,6.45,6.45,0,41145
2026-01-07 10:46:00+05:30,6.45,6.45,6.45,6.45,0,41145
2026-01-07 10:47:00+05:30,6.45,6.45,6.45,6.45,0,41145
2026-01-07 10:48:00+05:30,6.45,6.45,6.45,6.45,0,41145
2026-01-07 10:49:00+05:30,6.45,6.45,6.45,6.45,0,41145
2026-01-07 10:50:00+05:30,6.45,6.45,6.45,6.45,0,41145
2026-01-07 10:51:00+05:30,6.45,6.45,6.45,6.45,0,41145
2026-01-07 10:52:00+05:30,6.45,6.45,6.45,6.45,0,41145
2026-01-07 10:53:00+05:30,6.45,6.45,6.45,6.45,0,41145
2026-01-07 10:54:00+05:30,6.25,6.25,6.25,6.25,130,41210
2026-01-07 10:55:00+05:30,6.25,6.25,6.25,6.25,0,41210
2026-01-07 10:56:00+05:30,6.25,6.25,6.25,6.25,0,41210
2026-01-07 10:57:00+05:30,6.25,6.25,6.25,6.25,0,41210
2026-01-07 10:58:00+05:30,6.25,6.25,6.25,6.25,0,41210
2026-01-07 10:59:00+05:30,6.1,6.1,6.1,6.1,65,41340
2026-01-07 11:00:00+05:30,6.2,6.2,6.2,6.2,65,41340
2026-01-07 11:01:00+05:30,6.2,6.2,6.2,6.2,0,41340
2026-01-07 11:02:00+05:30,6.2,6.2,6.2,6.2,0,41340
2026-01-07 11:03:00+05:30,6.5,6.5,6.1,6.2,1885,41275
2026-01-07 11:04:00+05:30,6.2,6.2,6.2,6.2,390,43095
2026-01-07 11:05:00+05:30,6.2,6.2,6.2,6.2,0,43095
2026-01-07 11:06:00+05:30,6.2,6.2,6.2,6.2,0,43095
2026-01-07 11:07:00+05:30,6.2,6.2,6.2,6.2,0,43095
2026-01-07 11:08:00+05:30,6.2,6.2,6.2,6.2,0,43095
2026-01-07 11:09:00+05:30,6.25,6.3,6.25,6.25,1040,43160
2026-01-07 11:10:00+05:30,6.25,6.25,6.25,6.25,0,43160
2026-01-07 11:11:00+05:30,6.25,6.25,6.25,6.25,0,43160
2026-01-07 11:12:00+05:30,6.25,6.25,6.25,6.25,0,43160
2026-01-07 11:13:00+05:30,6.25,6.25,6.25,6.25,0,43160
2026-01-07 11:14:00+05:30,6.25,6.25,6.25,6.25,0,43160
2026-01-07 11:15:00+05:30,6.25,6.25,6.25,6.25,0,43160
2026-01-07 11:16:00+05:30,6.25,6.25,6.25,6.25,0,43160
2026-01-07 11:17:00+05:30,6.25,6.25,6.25,6.25,1105,43680
2026-01-07 11:18:00+05:30,6.25,6.25,6.25,6.25,0,43680
2026-01-07 11:19:00+05:30,6.15,6.15,6.15,6.15,130,43680
2026-01-07 11:20:00+05:30,6.15,6.15,6.15,6.15,0,43680
2026-01-07 11:21:00+05:30,6.15,6.15,6.1,6.1,520,43615
2026-01-07 11:22:00+05:30,6.25,6.25,6.25,6.25,130,43875
2026-01-07 11:23:00+05:30,6.25,6.25,6.25,6.25,0,43875
2026-01-07 11:24:00+05:30,6.2,6.2,6.15,6.15,390,43875
2026-01-07 11:25:00+05:30,6.15,6.15,6.15,6.15,0,43875
2026-01-07 11:26:00+05:30,6.15,6.15,6.15,6.15,0,43875
2026-01-07 11:27:00+05:30,6.15,6.15,6.15,6.15,0,43875
2026-01-07 11:28:00+05:30,6.15,6.15,6.15,6.15,0,43875
2026-01-07 11:29:00+05:30,6.15,6.15,6.15,6.15,0,43875
2026-01-07 11:30:00+05:30,6.15,6.15,6.15,6.15,0,43875
2026-01-07 11:31:00+05:30,6.15,6.15,6.15,6.15,0,43875
2026-01-07 11:32:00+05:30,6.15,6.15,6.15,6.15,0,43875
2026-01-07 11:33:00+05:30,6.1,6.1,6.1,6.1,65,44200
2026-01-07 11:34:00+05:30,6.05,6.05,6.05,6.05,325,43940
2026-01-07 11:35:00+05:30,6.1,6.15,6.1,6.15,650,43940
2026-01-07 11:36:00+05:30,6.1,6.1,6.1,6.1,195,43940
2026-01-07 11:37:00+05:30,6.1,6.1,6.1,6.1,0,43940
2026-01-07 11:38:00+05:30,6.1,6.1,6.1,6.1,0,43940
2026-01-07 11:39:00+05:30,6.1,6.1,6.1,6.1,0,43940
2026-01-07 11:40:00+05:30,6.1,6.1,6.1,6.1,0,43940
2026-01-07 11:41:00+05:30,6.1,6.1,6.1,6.1,0,43940
2026-01-07 11:42:00+05:30,6.1,6.1,6.1,6.1,0,43940
2026-01-07 11:43:00+05:30,6.1,6.1,6.1,6.1,0,43940
2026-01-07 11:44:00+05:30,6.15,6.2,6.15,6.2,260,43160
2026-01-07 11:45:00+05:30,6.2,6.2,6.2,6.2,0,43160
2026-01-07 11:46:00+05:30,6.2,6.2,6.2,6.2,0,43160
2026-01-07 11:47:00+05:30,6.2,6.2,6.2,6.2,0,43160
2026-01-07 11:48:00+05:30,6.2,6.2,6.2,6.2,0,43160
2026-01-07 11:49:00+05:30,6.2,6.2,6.2,6.2,65,43355
2026-01-07 11:50:00+05:30,6.2,6.2,6.2,6.2,0,43355
2026-01-07 11:51:00+05:30,6.15,6.15,6.15,6.15,2340,43355
2026-01-07 11:52:00+05:30,6.15,6.15,6.15,6.15,0,43355
2026-01-07 11:53:00+05:30,6.15,6.15,6.15,6.15,0,43355
2026-01-07 11:54:00+05:30,6.05,6.05,6.05,6.05,650,45240
2026-01-07 11:55:00+05:30,6.05,6.05,6.05,6.05,0,45240
2026-01-07 11:56:00+05:30,6.05,6.05,6.05,6.05,0,45240
2026-01-07 11:57:00+05:30,6.0,6.05,6.0,6.05,195,45630
2026-01-07 11:58:00+05:30,6.05,6.05,6.05,6.05,0,45630
2026-01-07 11:59:00+05:30,6.05,6.05,6.05,6.05,65,45565
2026-01-07 12:00:00+05:30,6.05,6.05,6.05,6.05,0,45565
2026-01-07 12:01:00+05:30,6.05,6.05,6.05,6.05,0,45565
2026-01-07 12:02:00+05:30,6.0,6.0,5.8,5.9,4680,45630
2026-01-07 12:03:00+05:30,5.9,5.9,5.9,5.9,0,45630
2026-01-07 12:04:00+05:30,5.9,5.9,5.9,5.9,130,45630
2026-01-07 12:05:00+05:30,5.95,5.95,5.95,5.95,65,47970
2026-01-07 12:06:00+05:30,5.85,5.85,5.85,5.85,2145,47970
2026-01-07 12:07:00+05:30,5.9,5.9,5.9,5.9,260,47970
2026-01-07 12:08:00+05:30,5.85,5.85,5.7,5.85,2145,49920
2026-01-07 12:09:00+05:30,5.9,5.9,5.6,5.85,3770,49920
2026-01-07 12:10:00+05:30,5.85,5.85,5.85,5.85,0,49920
2026-01-07 12:11:00+05:30,5.85,5.85,5.85,5.85,0,49920
2026-01-07 12:12:00+05:30,5.85,5.85,5.85,5.85,0,49920
2026-01-07 12:13:00+05:30,5.85,5.85,5.85,5.85,910,53105
2026-01-07 12:14:00+05:30,5.9,5.9,5.9,5.9,65,52650
2026-01-07 12:15:00+05:30,5.9,5.9,5.9,5.9,195,52650
2026-01-07 12:16:00+05:30,5.9,5.9,5.9,5.9,455,52650
2026-01-07 12:17:00+05:30,5.9,5.9,5.9,5.9,0,52650
2026-01-07 12:18:00+05:30,5.8,5.8,5.8,5.8,585,52975
2026-01-07 12:19:00+05:30,5.9,5.9,5.9,5.9,130,53495
2026-01-07 12:20:00+05:30,5.9,5.9,5.9,5.9,0,53495
2026-01-07 12:21:00+05:30,6.0,6.0,6.0,6.0,390,53495
2026-01-07 12:22:00+05:30,6.0,6.0,6.0,6.0,0,53495
2026-01-07 12:23:00+05:30,5.95,5.95,5.95,5.95,390,53690
2026-01-07 12:24:00+05:30,5.95,6.0,5.95,6.0,260,53690
2026-01-07 12:25:00+05:30,6.0,6.0,6.0,6.0,0,53690
2026-01-07 12:26:00+05:30,5.95,5.95,5.95,5.95,520,53495
2026-01-07 12:27:00+05:30,5.95,5.95,5.95,5.95,0,53495
2026-01-07 12:28:00+05:30,5.95,6.0,5.95,6.0,1170,54340
2026-01-07 12:29:00+05:30,6.0,6.0,6.0,6.0,0,54340
2026-01-07 12:30:00+05:30,6.0,6.0,6.0,6.0,0,54340
2026-01-07 12:31:00+05:30,6.0,6.0,6.0,6.0,0,54340
2026-01-07 12:32:00+05:30,6.0,6.0,6.0,6.0,0,54340
2026-01-07 12:33:00+05:30,6.0,6.0,6.0,6.0,325,54340
2026-01-07 12:34:00+05:30,6.0,6.0,6.0,6.0,130,54340
2026-01-07 12:35:00+05:30,5.85,6.0,5.85,6.0,845,54535
2026-01-07 12:36:00+05:30,6.0,6.0,6.0,6.0,130,54535
2026-01-07 12:37:00+05:30,6.0,6.0,6.0,6.0,0,54535
2026-01-07 12:38:00+05:30,6.05,6.05,6.05,6.05,520,55250
2026-01-07 12:39:00+05:30,6.05,6.05,6.05,6.05,0,55250
2026-01-07 12:40:00+05:30,6.05,6.05,6.05,6.05,0,55250
2026-01-07 12:41:00+05:30,6.05,6.05,6.05,6.05,0,55250
2026-01-07 12:42:00+05:30,6.05,6.05,6.05,6.05,0,55250
2026-01-07 12:43:00+05:30,6.4,6.4,6.35,6.35,1625,55705
2026-01-07 12:44:00+05:30,6.45,6.45,6.4,6.4,1820,55185
2026-01-07 12:45:00+05:30,6.45,6.45,6.35,6.35,1625,55185
2026-01-07 12:46:00+05:30,6.4,6.4,6.4,6.4,455,55185
2026-01-07 12:47:00+05:30,6.4,6.4,6.4,6.4,130,53170
2026-01-07 12:48:00+05:30,6.4,6.4,6.4,6.4,780,53170
2026-01-07 12:49:00+05:30,6.4,6.4,6.4,6.4,0,53170
2026-01-07 12:50:00+05:30,6.4,6.4,6.4,6.4,390,53040
2026-01-07 12:51:00+05:30,6.45,6.55,6.45,6.55,1560,53040
2026-01-07 12:52:00+05:30,6.55,6.55,6.55,6.55,0,53040
2026-01-07 12:53:00+05:30,6.55,6.55,6.55,6.55,0,53040
2026-01-07 12:54:00+05:30,6.4,6.4,6.4,6.4,130,51610
2026-01-07 12:55:00+05:30,6.4,6.4,6.4,6.4,0,51610
2026-01-07 12:56:00+05:30,6.4,6.4,6.4,6.4,0,51610
2026-01-07 12:57:00+05:30,6.4,6.4,6.4,6.4,0,51610
2026-01-07 12:58:00+05:30,5.9,5.9,5.9,5.9,650,51610
2026-01-07 12:59:00+05:30,5.9,5.9,5.9,5.9,0,51610
2026-01-07 13:00:00+05:30,5.9,5.9,5.9,5.9,0,51610
2026-01-07 13:01:00+05:30,5.9,5.9,5.9,5.9,0,51610
2026-01-07 13:02:00+05:30,5.9,5.9,5.9,5.9,0,51610
2026-01-07 13:03:00+05:30,6.0,6.0,6.0,6.0,65,51870
2026-01-07 13:04:00+05:30,6.1,6.1,6.1,6.1,520,51870
2026-01-07 13:05:00+05:30,6.05,6.05,6.05,6.05,65,51870
2026-01-07 13:06:00+05:30,6.05,6.05,6.05,6.05,0,51870
2026-01-07 13:07:00+05:30,6.05,6.05,6.05,6.05,0,51870
2026-01-07 13:08:00+05:30,6.1,6.1,6.1,6.1,975,52130
2026-01-07 13:09:00+05:30,6.1,6.1,6.1,6.1,0,52130
2026-01-07 13:10:00+05:30,5.85,5.9,5.85,5.9,455,52130
2026-01-07 13:11:00+05:30,5.9,5.9,5.9,5.9,325,52910
2026-01-07 13:12:00+05:30,5.9,5.9,5.9,5.9,195,52910
2026-01-07 13:13:00+05:30,5.9,5.9,5.9,5.9,0,52910
2026-01-07 13:14:00+05:30,5.9,5.9,5.9,5.9,0,52910
2026-01-07 13:15:00+05:30,5.9,5.9,5.9,5.9,0,52910
2026-01-07 13:16:00+05:30,5.9,5.9,5.9,5.9,0,52910
2026-01-07 13:17:00+05:30,5.9,5.9,5.9,5.9,0,52910
2026-01-07 13:18:00+05:30,5.9,5.9,5.9,5.9,0,52910
2026-01-07 13:19:00+05:30,5.9,5.9,5.9,5.9,0,52910
2026-01-07 13:20:00+05:30,5.9,5.9,5.9,5.9,0,52910
2026-01-07 13:21:00+05:30,5.9,5.9,5.9,5.9,0,52910
2026-01-07 13:22:00+05:30,5.9,5.9,5.9,5.9,0,52910
2026-01-07 13:23:00+05:30,6.0,6.0,6.0,6.0,195,52650
2026-01-07 13:24:00+05:30,6.0,6.0,6.0,6.0,0,52650
2026-01-07 13:25:00+05:30,6.25,6.25,6.25,6.25,780,52650
2026-01-07 13:26:00+05:30,6.2,6.2,6.2,6.2,65,52520
2026-01-07 13:27:00+05:30,6.0,6.0,6.0,6.0,65,52520
2026-01-07 13:28:00+05:30,6.0,6.0,6.0,6.0,2080,52520
2026-01-07 13:29:00+05:30,6.0,6.05,6.0,6.05,455,52195
2026-01-07 13:30:00+05:30,6.15,6.15,6.15,6.15,585,52195
2026-01-07 13:31:00+05:30,6.1,6.1,6.1,6.1,195,52195
2026-01-07 13:32:00+05:30,6.1,6.1,6.1,6.1,0,52195
2026-01-07 13:33:00+05:30,6.1,6.1,6.1,6.1,0,52195
2026-01-07 13:34:00+05:30,6.1,6.1,6.1,6.1,0,52195
2026-01-07 13:35:00+05:30,6.1,6.1,6.1,6.1,0,52195
2026-01-07 13:36:00+05:30,6.1,6.1,6.1,6.1,65,51480
2026-01-07 13:37:00+05:30,6.1,6.1,6.1,6.1,0,51480
2026-01-07 13:38:00+05:30,6.05,6.05,6.05,6.05,390,51480
2026-01-07 13:39:00+05:30,6.05,6.05,6.05,6.05,0,51480
2026-01-07 13:40:00+05:30,6.05,6.05,6.05,6.05,0,51480
2026-01-07 13:41:00+05:30,6.05,6.05,6.05,6.05,0,51480
2026-01-07 13:42:00+05:30,6.05,6.05,6.05,6.05,0,51480
2026-01-07 13:43:00+05:30,6.05,6.05,6.05,6.05,0,51480
2026-01-07 13:44:00+05:30,6.1,6.1,6.1,6.1,650,51480
2026-01-07 13:45:00+05:30,6.1,6.1,6.1,6.1,0,51480
2026-01-07 13:46:00+05:30,6.1,6.1,6.1,6.1,195,51480
2026-01-07 13:47:00+05:30,6.05,6.05,6.05,6.05,1040,51480
2026-01-07 13:48:00+05:30,6.0,6.0,5.95,5.95,4550,51480
2026-01-07 13:49:00+05:30,6.05,6.05,6.05,6.05,65,51480
2026-01-07 13:50:00+05:30,5.9,5.95,5.9,5.95,780,51480
2026-01-07 13:51:00+05:30,5.95,6.0,5.95,6.0,455,47515
2026-01-07 13:52:00+05:30,6.05,6.05,6.0,6.0,390,47515
2026-01-07 13:53:00+05:30,6.05,6.05,6.05,6.05,65,47385
2026-01-07 13:54:00+05:30,6.05,6.05,6.05,6.05,0,47385
2026-01-07 13:55:00+05:30,6.05,6.05,6.05,6.05,0,47385
2026-01-07 13:56:00+05:30,6.05,6.05,6.05,6.05,0,47385
2026-01-07 13:57:00+05:30,5.9,5.9,5.9,5.9,585,47320
2026-01-07 13:58:00+05:30,5.75,5.85,5.75,5.85,130,47320
2026-01-07 13:59:00+05:30,5.85,5.85,5.85,5.85,0,47320
2026-01-07 14:00:00+05:30,5.85,5.85,5.85,5.85,0,47320
2026-01-07 14:01:00+05:30,6.0,6.0,6.0,6.0,650,47320
2026-01-07 14:02:00+05:30,6.0,6.0,6.0,6.0,0,47320
2026-01-07 14:03:00+05:30,6.0,6.0,6.0,6.0,0,47320
2026-01-07 14:04:00+05:30,6.0,6.0,6.0,6.0,0,47320
2026-01-07 14:05:00+05:30,5.85,5.85,5.85,5.85,65,46865
2026-01-07 14:06:00+05:30,5.85,5.85,5.85,5.85,0,46865
2026-01-07 14:07:00+05:30,5.85,5.85,5.85,5.85,0,46865
2026-01-07 14:08:00+05:30,5.85,5.85,5.85,5.85,0,46865
2026-01-07 14:09:00+05:30,5.8,5.8,5.8,5.8,130,46865
2026-01-07 14:10:00+05:30,5.8,5.8,5.8,5.8,0,46865
2026-01-07 14:11:00+05:30,5.8,5.8,5.8,5.8,0,46865
2026-01-07 14:12:00+05:30,5.85,5.85,5.85,5.85,130,46735
2026-01-07 14:13:00+05:30,5.85,5.85,5.85,5.85,0,46735
2026-01-07 14:14:00+05:30,5.9,5.9,5.9,5.9,195,46800
2026-01-07 14:15:00+05:30,5.9,5.9,5.9,5.9,65,46800
2026-01-07 14:16:00+05:30,5.95,5.95,5.9,5.9,780,46800
2026-01-07 14:17:00+05:30,5.9,5.9,5.9,5.9,0,46800
2026-01-07 14:18:00+05:30,6.0,6.0,6.0,6.0,130,47125
2026-01-07 14:19:00+05:30,5.95,5.95,5.95,5.95,195,47125
2026-01-07 14:20:00+05:30,5.95,5.95,5.95,5.95,0,47125
2026-01-07 14:21:00+05:30,5.95,5.95,5.95,5.95,0,47125
2026-01-07 14:22:00+05:30,5.95,5.95,5.95,5.95,0,47125
2026-01-07 14:23:00+05:30,5.95,5.95,5.95,5.95,0,47125
2026-01-07 14:24:00+05:30,5.95,5.95,5.95,5.95,0,47125
2026-01-07 14:25:00+05:30,6.0,6.0,6.0,6.0,520,47125
2026-01-07 14:26:00+05:30,6.0,6.0,6.0,6.0,0,47125
2026-01-07 14:27:00+05:30,6.0,6.0,6.0,6.0,0,47125
2026-01-07 14:28:00+05:30,6.0,6.0,6.0,6.0,0,47125
2026-01-07 14:29:00+05:30,6.0,6.0,6.0,6.0,0,47125
2026-01-07 14:30:00+05:30,5.85,5.85,5.85,5.85,130,47190
2026-01-07 14:31:00+05:30,5.85,5.85,5.85,5.85,0,47190
2026-01-07 14:32:00+05:30,5.85,5.85,5.85,5.85,0,47190
2026-01-07 14:33:00+05:30,6.0,6.0,6.0,6.0,65,47190
2026-01-07 14:34:00+05:30,6.0,6.0,6.0,6.0,0,47190
2026-01-07 14:35:00+05:30,6.0,6.0,6.0,6.0,0,47190
2026-01-07 14:36:00+05:30,6.0,6.0,6.0,6.0,0,47190
2026-01-07 14:37:00+05:30,6.0,6.0,6.0,6.0,0,47190
2026-01-07 14:38:00+05:30,5.9,5.9,5.9,5.9,325,47190
2026-01-07 14:39:00+05:30,5.9,5.9,5.9,5.9,0,47190
2026-01-07 14:40:00+05:30,5.9,5.9,5.9,5.9,0,47190
2026-01-07 14:41:00+05:30,5.9,5.9,5.9,5.9,0,47190
2026-01-07 14:42:00+05:30,5.9,5.9,5.9,5.9,0,47190
2026-01-07 14:43:00+05:30,5.85,5.85,5.85,5.85,65,46865
2026-01-07 14:44:00+05:30,5.85,5.85,5.85,5.85,0,46865
2026-01-07 14:45:00+05:30,5.85,5.85,5.85,5.85,0,46865
2026-01-07 14:46:00+05:30,5.85,5.85,5.85,5.85,0,46865
2026-01-07 14:47:00+05:30,5.85,5.85,5.85,5.85,0,46865
2026-01-07 14:48:00+05:30,5.85,5.85,5.85,5.85,0,46865
2026-01-07 14:49:00+05:30,5.85,5.85,5.85,5.85,0,46865
2026-01-07 14:50:00+05:30,5.85,5.85,5.85,5.85,0,46865
2026-01-07 14:51:00+05:30,5.75,5.75,5.75,5.75,910,46930
2026-01-07 14:52:00+05:30,5.75,5.75,5.75,5.75,0,46930
2026-01-07 14:53:00+05:30,5.75,5.75,5.75,5.75,0,46930
2026-01-07 14:54:00+05:30,5.75,5.75,5.75,5.75,0,46930
2026-01-07 14:55:00+05:30,5.75,5.75,5.75,5.75,0,46930
2026-01-07 14:56:00+05:30,5.75,5.75,5.75,5.75,0,46930
2026-01-07 14:57:00+05:30,5.75,5.75,5.75,5.75,0,46930
2026-01-07 14:58:00+05:30,5.75,5.75,5.75,5.75,0,46930
2026-01-07 14:59:00+05:30,5.75,5.75,5.75,5.75,0,46930
2026-01-07 15:00:00+05:30,5.75,5.75,5.55,5.75,3250,46020
2026-01-07 15:01:00+05:30,5.75,5.75,5.75,5.75,0,46020
2026-01-07 15:02:00+05:30,5.75,5.75,5.75,5.75,130,45565
2026-01-07 15:03:00+05:30,5.75,5.75,5.75,5.75,390,45565
2026-01-07 15:04:00+05:30,5.75,5.75,5.75,5.75,0,45565
2026-01-07 15:05:00+05:30,5.75,5.75,5.75,5.75,0,45565
2026-01-07 15:06:00+05:30,5.65,5.65,5.55,5.55,455,45500
2026-01-07 15:07:00+05:30,5.6,5.6,5.6,5.6,65,45500
2026-01-07 15:08:00+05:30,5.6,5.6,5.6,5.6,0,45500
2026-01-07 15:09:00+05:30,5.5,5.5,5.45,5.45,520,45565
2026-01-07 15:10:00+05:30,5.45,5.45,5.45,5.45,0,45565
2026-01-07 15:11:00+05:30,5.55,5.6,5.55,5.6,1235,45565
2026-01-07 15:12:00+05:30,5.55,5.6,5.55,5.6,325,45565
2026-01-07 15:13:00+05:30,5.6,5.6,5.6,5.6,0,45565
2026-01-07 15:14:00+05:30,5.6,5.6,5.6,5.6,0,45565
2026-01-07 15:15:00+05:30,5.7,5.7,5.7,5.7,260,45630
2026-01-07 15:16:00+05:30,5.7,5.7,5.65,5.65,520,45630
2026-01-07 15:17:00+05:30,5.7,5.7,5.7,5.7,65,45630
2026-01-07 15:18:00+05:30,5.65,5.75,5.65,5.75,455,45370
2026-01-07 15:19:00+05:30,5.6,5.6,5.6,5.6,130,45370
2026-01-07 15:20:00+05:30,5.65,5.65,5.65,5.65,130,45565
2026-01-07 15:21:00+05:30,5.6,5.75,5.6,5.75,1040,45565
2026-01-07 15:22:00+05:30,5.75,5.75,5.75,5.75,520,45565
2026-01-07 15:23:00+05:30,5.75,5.75,5.75,5.75,0,45565
2026-01-07 15:24:00+05:30,5.65,5.65,5.65,5.65,260,46150
2026-01-07 15:25:00+05:30,5.6,5.6,5.6,5.6,390,46150
2026-01-07 15:26:00+05:30,5.55,5.65,5.55,5.55,1365,46150
2026-01-07 15:27:00+05:30,5.45,5.45,5.45,5.45,455,45435
2026-01-07 15:28:00+05:30,5.45,5.5,5.45,5.45,910,45435
2026-01-07 15:29:00+05:30,5.4,5.4,5.15,5.15,585,45435
2026-01-08 09:15:00+05:30,3.85,3.85,3.8,3.8,65,45695
2026-01-08 09:16:00+05:30,5.9,5.9,5.35,5.45,1885,45695
2026-01-08 09:17:00+05:30,5.45,5.45,5.45,5.45,130,45695
2026-01-08 09:18:00+05:30,5.4,5.4,5.4,5.4,585,45695
2026-01-08 09:19:00+05:30,5.4,5.4,5.4,5.4,0,45695
2026-01-08 09:20:00+05:30,5.5,5.5,5.4,5.4,910,45890
2026-01-08 09:21:00+05:30,5.45,5.45,5.45,5.45,65,45890
2026-01-08 09:22:00+05:30,5.4,5.4,5.4,5.4,325,46150
2026-01-08 09:23:00+05:30,5.35,5.35,5.25,5.25,1690,46150
2026-01-08 09:24:00+05:30,5.4,5.4,5.25,5.25,715,46150
2026-01-08 09:25:00+05:30,5.4,5.4,5.4,5.4,65,47450
2026-01-08 09:26:00+05:30,5.3,5.3,5.3,5.3,455,47450
2026-01-08 09:27:00+05:30,5.3,5.3,5.3,5.3,0,47450
2026-01-08 09:28:00+05:30,5.35,5.45,5.3,5.3,975,47255
2026-01-08 09:29:00+05:30,5.45,5.45,5.45,5.45,325,47255
2026-01-08 09:30:00+05:30,5.5,5.55,5.5,5.55,260,47255
2026-01-08 09:31:00+05:30,5.55,5.55,5.55,5.55,0,47255
2026-01-08 09:32:00+05:30,5.55,5.55,5.55,5.55,0,47255
2026-01-08 09:33:00+05:30,6.25,6.25,6.25,6.25,130,47515
2026-01-08 09:34:00+05:30,6.05,6.05,6.05,6.05,65,47515
2026-01-08 09:35:00+05:30,6.05,6.25,6.0,6.1,390,47515
2026-01-08 09:36:00+05:30,6.25,6.25,6.05,6.05,845,47515
2026-01-08 09:37:00+05:30,5.95,5.95,5.85,5.85,195,47515
2026-01-08 09:38:00+05:30,5.85,5.85,5.85,5.85,0,47515
2026-01-08 09:39:00+05:30,5.85,5.85,5.85,5.85,0,47515
2026-01-08 09:40:00+05:30,5.85,5.85,5.85,5.85,0,47515
2026-01-08 09:41:00+05:30,5.85,5.85,5.85,5.85,0,47515
2026-01-08 09:42:00+05:30,5.9,5.9,5.9,5.9,130,47580
2026-01-08 09:43:00+05:30,5.95,5.95,5.95,5.95,650,47580
2026-01-08 09:44:00+05:30,6.05,6.05,6.0,6.0,715,47580
2026-01-08 09:45:00+05:30,6.0,6.0,6.0,6.0,0,47580
2026-01-08 09:46:00+05:30,6.0,6.0,6.0,6.0,0,47580
2026-01-08 09:47:00+05:30,6.0,6.0,6.0,6.0,0,47580
2026-01-08 09:48:00+05:30,6.0,6.0,6.0,6.0,325,47580
2026-01-08 09:49:00+05:30,6.0,6.0,6.0,6.0,0,47580
2026-01-08 09:50:00+05:30,6.15,6.15,6.15,6.15,910,47580
2026-01-08 09:51:00+05:30,6.05,6.05,6.05,6.05,195,47580
2026-01-08 09:52:00+05:30,6.1,6.1,6.1,6.1,130,47450
2026-01-08 09:53:00+05:30,6.15,6.15,6.15,6.15,5590,47450
2026-01-08 09:54:00+05:30,6.0,6.0,5.9,5.9,585,47450
2026-01-08 09:55:00+05:30,5.9,5.9,5.9,5.9,520,42835
2026-01-08 09:56:00+05:30,5.9,5.9,5.9,5.9,0,42835
2026-01-08 09:57:00+05:30,6.05,6.05,6.05,6.05,130,42835
2026-01-08 09:58:00+05:30,6.05,6.05,6.05,6.05,0,42835
2026-01-08 09:59:00+05:30,6.0,6.0,6.0,6.0,65,42510
2026-01-08 10:00:00+05:30,6.15,6.15,6.15,6.15,195,42510
2026-01-08 10:01:00+05:30,6.2,6.2,6.2,6.2,65,42510
2026-01-08 10:02:00+05:30,6.2,6.2,6.2,6.2,0,42510
2026-01-08 10:03:00+05:30,6.2,6.2,6.2,6.2,0,42510
2026-01-08 10:04:00+05:30,6.1,6.1,6.1,6.1,65,42510
2026-01-08 10:05:00+05:30,6.1,6.1,6.1,6.1,0,42510
2026-01-08 10:06:00+05:30,6.1,6.1,6.1,6.1,0,42510
2026-01-08 10:07:00+05:30,6.1,6.1,6.1,6.1,0,42510
2026-01-08 10:08:00+05:30,6.1,6.1,6.1,6.1,0,42510
2026-01-08 10:09:00+05:30,6.1,6.1,6.1,6.1,195,42640
2026-01-08 10:10:00+05:30,6.1,6.1,6.1,6.1,0,42640
2026-01-08 10:11:00+05:30,6.1,6.1,6.1,6.1,0,42640
2026-01-08 10:12:00+05:30,6.15,6.15,6.15,6.15,130,42640
2026-01-08 10:13:00+05:30,6.15,6.15,6.15,6.15,0,42640
2026-01-08 10:14:00+05:30,6.1,6.1,6.1,6.1,130,42575
2026-01-08 10:15:00+05:30,6.1,6.1,6.1,6.1,0,42575
2026-01-08 10:16:00+05:30,6.2,6.2,6.2,6.2,65,42705
2026-01-08 10:17:00+05:30,6.2,6.2,6.2,6.2,1495,42705
2026-01-08 10:18:00+05:30,6.25,6.3,6.25,6.3,455,42705
2026-01-08 10:19:00+05:30,6.25,6.35,6.25,6.35,2275,43550
2026-01-08 10:20:00+05:30,6.35,6.35,6.35,6.35,0,43550
2026-01-08 10:21:00+05:30,6.55,6.55,6.55,6.55,1560,43550
2026-01-08 10:22:00+05:30,6.6,6.6,6.6,6.6,520,44785
2026-01-08 10:23:00+05:30,6.6,6.6,6.6,6.6,455,44785
2026-01-08 10:24:00+05:30,6.6,6.6,6.6,6.6,0,44785
2026-01-08 10:25:00+05:30,6.6,6.6,6.6,6.6,0,44785
2026-01-08 10:26:00+05:30,6.6,6.6,6.6,6.6,260,45695
2026-01-08 10:27:00+05:30,6.6,6.6,6.6,6.6,0,45695
2026-01-08 10:28:00+05:30,6.6,6.6,6.6,6.6,0,45695
2026-01-08 10:29:00+05:30,6.6,6.6,6.6,6.6,65,45695
2026-01-08 10:30:00+05:30,6.6,6.6,6.6,6.6,0,45695
2026-01-08 10:31:00+05:30,7.0,7.0,6.8,6.8,715,45435
2026-01-08 10:32:00+05:30,6.8,6.8,6.8,6.8,0,45435
2026-01-08 10:33:00+05:30,6.9,6.9,6.9,6.9,65,45435
2026-01-08 10:34:00+05:30,6.9,6.9,6.9,6.9,0,45435
2026-01-08 10:35:00+05:30,6.9,6.9,6.9,6.9,0,45435
2026-01-08 10:36:00+05:30,6.9,6.9,6.9,6.9,325,45370
2026-01-08 10:37:00+05:30,7.0,7.0,7.0,7.0,130,45695
2026-01-08 10:38:00+05:30,7.0,7.0,7.0,7.0,0,45695
2026-01-08 10:39:00+05:30,7.0,7.0,7.0,7.0,0,45695
2026-01-08 10:40:00+05:30,7.0,7.0,7.0,7.0,0,45695
2026-01-08 10:41:00+05:30,7.0,7.0,7.0,7.0,0,45695
2026-01-08 10:42:00+05:30,7.0,7.0,7.0,7.0,0,45695
2026-01-08 10:43:00+05:30,7.1,7.1,7.1,7.1,195,45760
2026-01-08 10:44:00+05:30,7.05,7.1,7.05,7.1,650,45760
2026-01-08 10:45:00+05:30,7.1,7.1,7.1,7.1,0,45760
2026-01-08 10:46:00+05:30,7.05,7.05,7.05,7.05,130,45240
2026-01-08 10:47:00+05:30,7.05,7.05,7.05,7.05,0,45240
2026-01-08 10:48:00+05:30,7.25,7.25,7.25,7.25,260,45240
2026-01-08 10:49:00+05:30,7.25,7.25,7.25,7.25,0,45240
2026-01-08 10:50:00+05:30,7.25,7.25,7.25,7.25,0,45240
2026-01-08 10:51:00+05:30,7.05,7.25,7.05,7.25,1040,45110
2026-01-08 10:52:00+05:30,7.25,7.25,7.25,7.25,0,45110
2026-01-08 10:53:00+05:30,7.25,7.25,7.25,7.25,0,45110
2026-01-08 10:54:00+05:30,7.25,7.25,7.25,7.25,0,45110
2026-01-08 10:55:00+05:30,7.35,7.35,7.35,7.35,65,45110
2026-01-08 10:56:00+05:30,7.35,7.35,7.35,7.35,0,45110
2026-01-08 10:57:00+05:30,7.45,7.45,7.35,7.35,130,44330
2026-01-08 10:58:00+05:30,7.35,7.35,7.35,7.35,0,44330
2026-01-08 10:59:00+05:30,7.6,7.9,7.6,7.9,325,44525
2026-01-08 11:00:00+05:30,7.9,7.9,7.7,7.7,520,44525
2026-01-08 11:01:00+05:30,7.7,7.7,7.7,7.7,0,44525
2026-01-08 11:02:00+05:30,8.05,8.05,7.85,7.85,715,45175
2026-01-08 11:03:00+05:30,7.85,7.85,7.85,7.85,0,45175
2026-01-08 11:04:00+05:30,7.85,7.85,7.85,7.85,0,45175
2026-01-08 11:05:00+05:30,7.85,7.85,7.85,7.85,0,45175
2026-01-08 11:06:00+05:30,8.05,8.05,8.05,8.05,520,44785
2026-01-08 11:07:00+05:30,8.05,8.05,8.05,8.05,0,44785
2026-01-08 11:08:00+05:30,8.1,8.1,8.1,8.1,130,44525
2026-01-08 11:09:00+05:30,8.1,8.1,8.1,8.1,0,44525
2026-01-08 11:10:00+05:30,8.1,8.1,8.1,8.1,0,44525
2026-01-08 11:11:00+05:30,8.1,8.1,8.1,8.1,0,44525
2026-01-08 11:12:00+05:30,8.44,8.5,8.44,8.5,130,44655
2026-01-08 11:13:00+05:30,8.5,8.5,8.5,8.5,0,44655
2026-01-08 11:14:00+05:30,8.65,9.0,8.65,9.0,2405,44655
2026-01-08 11:15:00+05:30,9.15,9.15,9.0,9.0,390,44655
2026-01-08 11:16:00+05:30,9.0,9.0,9.0,9.0,0,44655
2026-01-08 11:17:00+05:30,9.0,9.0,9.0,9.0,0,44655
2026-01-08 11:18:00+05:30,8.94,8.94,8.94,8.94,65,44200
2026-01-08 11:19:00+05:30,9.3,9.85,9.3,9.85,1755,44200
2026-01-08 11:20:00+05:30,10.25,10.75,10.25,10.75,1560,44785
2026-01-08 11:21:00+05:30,11.3,12.0,11.3,11.6,1560,44785
2026-01-08 11:22:00+05:30,11.65,11.65,11.35,11.35,260,44785
2026-01-08 11:23:00+05:30,10.9,10.9,10.7,10.8,455,45435
2026-01-08 11:24:00+05:30,11.0,11.1,11.0,11.1,650,45435
2026-01-08 11:25:00+05:30,11.1,11.15,11.1,11.15,390,45370
2026-01-08 11:26:00+05:30,11.0,11.0,10.8,10.8,390,45370
2026-01-08 11:27:00+05:30,10.8,10.8,10.8,10.8,0,45370
2026-01-08 11:28:00+05:30,10.7,10.7,10.7,10.7,455,45435
2026-01-08 11:29:00+05:30,10.8,10.85,10.8,10.8,650,45435
2026-01-08 11:30:00+05:30,10.75,10.75,10.75,10.75,65,45435
2026-01-08 11:31:00+05:30,11.15,11.7,11.15,11.7,2210,43225
2026-01-08 11:32:00+05:30,11.6,11.65,11.15,11.15,910,43225
2026-01-08 11:33:00+05:30,11.0,11.55,11.0,11.55,1040,43225
2026-01-08 11:34:00+05:30,11.55,11.55,11.55,11.55,0,43225
2026-01-08 11:35:00+05:30,11.55,11.55,11.55,11.55,0,43225
2026-01-08 11:36:00+05:30,11.05,11.05,11.05,11.05,130,43160
2026-01-08 11:37:00+05:30,11.0,11.0,10.75,10.9,455,43225
2026-01-08 11:38:00+05:30,10.7,10.8,10.7,10.8,195,43225
2026-01-08 11:39:00+05:30,10.35,10.35,10.25,10.25,260,43225
2026-01-08 11:40:00+05:30,10.3,10.3,10.3,10.3,390,43225
2026-01-08 11:41:00+05:30,10.19,10.3,10.19,10.3,1560,42835
2026-01-08 11:42:00+05:30,10.1,10.1,10.1,10.1,260,42835
2026-01-08 11:43:00+05:30,10.1,10.1,10.1,10.1,0,42835
2026-01-08 11:44:00+05:30,10.3,10.3,10.3,10.3,650,43225
2026-01-08 11:45:00+05:30,10.3,10.3,10.3,10.3,0,43225
2026-01-08 11:46:00+05:30,10.35,10.35,10.35,10.35,455,43225
2026-01-08 11:47:00+05:30,10.35,10.7,10.35,10.65,260,42185
2026-01-08 11:48:00+05:30,10.85,11.0,10.85,11.0,585,42185
2026-01-08 11:49:00+05:30,10.85,10.85,10.85,10.85,650,42250
2026-01-08 11:50:00+05:30,10.6,10.9,10.6,10.85,2990,42250
2026-01-08 11:51:00+05:30,10.75,10.75,10.75,10.75,65,42250
2026-01-08 11:52:00+05:30,10.85,10.85,10.85,10.85,390,42250
2026-01-08 11:53:00+05:30,10.85,10.85,10.85,10.85,0,42250
2026-01-08 11:54:00+05:30,10.9,10.9,10.9,10.9,130,39910
2026-01-08 11:55:00+05:30,10.9,10.9,10.9,10.9,0,39910
2026-01-08 11:56:00+05:30,11.1,11.2,11.1,11.2,390,39910
2026-01-08 11:57:00+05:30,11.1,11.1,11.1,11.1,65,39910
2026-01-08 11:58:00+05:30,11.25,11.65,11.25,11.65,390,40170
2026-01-08 11:59:00+05:30,11.85,11.85,11.75,11.75,455,40170
2026-01-08 12:00:00+05:30,11.9,11.9,11.75,11.75,390,40170
2026-01-08 12:01:00+05:30,11.85,11.85,11.85,11.85,65,40170
2026-01-08 12:02:00+05:30,11.85,13.1,11.85,13.1,1300,40365
2026-01-08 12:03:00+05:30,13.1,13.15,12.95,13.15,390,40365
2026-01-08 12:04:00+05:30,13.25,14.0,13.25,13.9,4680,40950
2026-01-08 12:05:00+05:30,14.9,16.39,14.9,16.39,5330,40950
2026-01-08 12:06:00+05:30,16.3,18.0,16.25,16.5,5915,40950
2026-01-08 12:07:00+05:30,15.75,16.0,15.7,15.8,1430,40105
2026-01-08 12:08:00+05:30,15.35,15.35,14.7,14.7,260,40105
2026-01-08 12:09:00+05:30,14.75,14.85,14.6,14.85,1365,40105
2026-01-08 12:10:00+05:30,14.7,14.95,14.7,14.9,585,40105
2026-01-08 12:11:00+05:30,14.7,14.7,14.7,14.7,130,39455
2026-01-08 12:12:00+05:30,14.75,14.75,14.55,14.55,390,39455
2026-01-08 12:13:00+05:30,14.8,14.8,14.55,14.55,455,39975
2026-01-08 12:14:00+05:30,14.25,14.25,14.1,14.2,715,39975
2026-01-08 12:15:00+05:30,14.2,14.2,14.2,14.2,130,39975
2026-01-08 12:16:00+05:30,13.75,13.8,13.7,13.7,650,39975
2026-01-08 12:17:00+05:30,13.8,14.05,13.8,14.05,520,39975
2026-01-08 12:18:00+05:30,14.1,14.7,14.1,14.7,1235,39975
2026-01-08 12:19:00+05:30,14.65,15.05,14.65,15.05,975,39975
2026-01-08 12:20:00+05:30,15.0,15.2,15.0,15.2,520,39715
2026-01-08 12:21:00+05:30,15.4,15.4,15.2,15.25,325,39715
2026-01-08 12:22:00+05:30,15.6,15.6,15.6,15.6,650,39715
2026-01-08 12:23:00+05:30,15.6,15.95,15.6,15.95,585,38740
2026-01-08 12:24:00+05:30,16.0,16.39,16.0,16.39,1300,38740
2026-01-08 12:25:00+05:30,16.3,16.3,15.9,15.9,1105,38740
2026-01-08 12:26:00+05:30,15.35,15.35,15.35,15.35,65,38610
2026-01-08 12:27:00+05:30,15.2,15.2,15.2,15.2,585,38610
2026-01-08 12:28:00+05:30,15.2,15.2,15.2,15.2,0,38610
2026-01-08 12:29:00+05:30,15.05,15.3,15.05,15.3,585,38220
2026-01-08 12:30:00+05:30,15.3,15.3,15.3,15.3,0,38220
2026-01-08 12:31:00+05:30,15.3,15.45,15.3,15.45,585,38220
2026-01-08 12:32:00+05:30,15.8,15.8,15.8,15.8,260,38090
2026-01-08 12:33:00+05:30,15.95,16.05,15.9,15.9,1235,38090
2026-01-08 12:34:00+05:30,16.25,16.39,16.25,16.39,130,38090
2026-01-08 12:35:00+05:30,16.25,16.25,16.25,16.25,1820,38610
2026-01-08 12:36:00+05:30,16.45,16.45,16.35,16.35,585,38610
2026-01-08 12:37:00+05:30,16.0,16.0,16.0,16.0,65,38610
2026-01-08 12:38:00+05:30,15.9,15.9,15.4,15.4,195,37895
2026-01-08 12:39:00+05:30,15.3,15.55,15.25,15.55,1300,37895
2026-01-08 12:40:00+05:30,15.3,15.45,15.3,15.45,845,37895
2026-01-08 12:41:00+05:30,15.1,15.1,15.05,15.05,780,38025
2026-01-08 12:42:00+05:30,15.15,15.3,15.15,15.3,325,38025
2026-01-08 12:43:00+05:30,15.0,15.0,15.0,15.0,260,38025
2026-01-08 12:44:00+05:30,14.7,14.7,14.65,14.65,195,38350
2026-01-08 12:45:00+05:30,14.7,15.0,14.7,15.0,260,38350
2026-01-08 12:46:00+05:30,15.0,15.0,15.0,15.0,0,38350
2026-01-08 12:47:00+05:30,15.0,15.0,15.0,15.0,0,38350
2026-01-08 12:48:00+05:30,14.95,14.95,14.95,14.95,325,38220
2026-01-08 12:49:00+05:30,15.35,15.4,15.35,15.4,260,38220
2026-01-08 12:50:00+05:30,15.65,15.75,15.65,15.75,260,38415
2026-01-08 12:51:00+05:30,15.6,15.65,15.55,15.55,1170,38415
2026-01-08 12:52:00+05:30,15.75,15.75,15.75,15.75,130,38415
2026-01-08 12:53:00+05:30,15.75,15.75,15.75,15.75,0,38415
2026-01-08 12:54:00+05:30,14.8,14.8,14.75,14.75,325,37635
2026-01-08 12:55:00+05:30,14.75,14.75,14.75,14.75,0,37635
2026-01-08 12:56:00+05:30,15.0,15.0,15.0,15.0,65,37765
2026-01-08 12:57:00+05:30,15.0,15.0,15.0,15.0,0,37765
2026-01-08 12:58:00+05:30,15.0,15.0,15.0,15.0,0,37765
2026-01-08 12:59:00+05:30,15.0,15.0,15.0,15.0,0,37765
2026-01-08 13:00:00+05:30,15.0,15.0,15.0,15.0,0,37765
2026-01-08 13:01:00+05:30,15.0,15.0,15.0,15.0,0,37765
2026-01-08 13:02:00+05:30,15.0,15.0,15.0,15.0,0,37765
2026-01-08 13:03:00+05:30,15.0,15.0,15.0,15.0,0,37765
2026-01-08 13:04:00+05:30,15.0,15.0,15.0,15.0,0,37765
2026-01-08 13:05:00+05:30,14.55,14.55,14.55,14.55,65,37830
2026-01-08 13:06:00+05:30,14.3,14.3,14.3,14.3,130,37830
2026-01-08 13:07:00+05:30,14.3,14.3,14.3,14.3,0,37830
2026-01-08 13:08:00+05:30,14.65,14.65,14.65,14.65,65,37830
2026-01-08 13:09:00+05:30,14.85,14.85,14.85,14.85,130,37830
2026-01-08 13:10:00+05:30,14.6,14.6,14.6,14.6,3315,37830
2026-01-08 13:11:00+05:30,14.6,14.6,14.6,14.6,130,38740
2026-01-08 13:12:00+05:30,14.6,14.6,14.45,14.45,390,38740
2026-01-08 13:13:00+05:30,14.4,14.5,14.35,14.4,650,38740
2026-01-08 13:14:00+05:30,14.2,14.2,13.8,13.8,195,38350
2026-01-08 13:15:00+05:30,14.2,14.2,14.2,14.2,65,38350
2026-01-08 13:16:00+05:30,14.3,14.55,14.3,14.55,260,38350
2026-01-08 13:17:00+05:30,14.55,14.55,14.55,14.55,0,38350
2026-01-08 13:18:00+05:30,14.8,14.8,14.8,14.8,325,38350
2026-01-08 13:19:00+05:30,14.8,14.8,14.8,14.8,195,38350
2026-01-08 13:20:00+05:30,14.95,14.95,14.95,14.95,520,38545
2026-01-08 13:21:00+05:30,14.95,14.95,14.95,14.95,0,38545
2026-01-08 13:22:00+05:30,14.95,14.95,14.95,14.95,0,38545
2026-01-08 13:23:00+05:30,15.2,15.2,15.1,15.1,325,38740
2026-01-08 13:24:00+05:30,15.05,15.25,15.05,15.25,585,38740
2026-01-08 13:25:00+05:30,15.15,15.15,15.15,15.15,65,38740
2026-01-08 13:26:00+05:30,15.35,15.5,15.35,15.5,715,39065
2026-01-08 13:27:00+05:30,16.0,16.0,15.9,15.9,195,39065
2026-01-08 13:28:00+05:30,15.85,15.85,15.85,15.85,130,39065
2026-01-08 13:29:00+05:30,16.0,16.14,16.0,16.14,455,39520
2026-01-08 13:30:00+05:30,16.25,16.35,16.14,16.35,455,39520
2026-01-08 13:31:00+05:30,16.0,16.0,15.6,15.7,520,39520
2026-01-08 13:32:00+05:30,15.75,15.75,15.75,15.75,65,39520
2026-01-08 13:33:00+05:30,15.75,15.75,15.75,15.75,0,39520
2026-01-08 13:34:00+05:30,15.2,15.2,15.2,15.2,455,39520
2026-01-08 13:35:00+05:30,14.85,14.85,14.85,14.85,195,39520
2026-01-08 13:36:00+05:30,14.7,14.7,14.7,14.7,455,39390
2026-01-08 13:37:00+05:30,14.9,14.9,14.75,14.75,455,39390
2026-01-08 13:38:00+05:30,14.75,14.75,14.75,14.75,0,39390
2026-01-08 13:39:00+05:30,14.4,14.4,14.4,14.4,130,39390
2026-01-08 13:40:00+05:30,14.75,14.75,14.75,14.75,260,39390
2026-01-08 13:41:00+05:30,15.0,15.05,15.0,15.05,1040,39390
2026-01-08 13:42:00+05:30,15.05,15.05,15.05,15.05,0,39390
2026-01-08 13:43:00+05:30,15.15,15.15,15.15,15.15,195,39390
2026-01-08 13:44:00+05:30,14.7,14.75,14.7,14.7,455,39000
2026-01-08 13:45:00+05:30,14.7,14.7,14.15,14.15,260,39000
2026-01-08 13:46:00+05:30,14.15,14.15,14.15,14.15,0,39000
2026-01-08 13:47:00+05:30,14.15,14.15,14.15,14.15,0,39000
2026-01-08 13:48:00+05:30,13.45,13.45,13.45,13.45,130,38870
2026-01-08 13:49:00+05:30,13.4,13.6,13.4,13.6,585,38870
2026-01-08 13:50:00+05:30,13.45,13.9,13.45,13.9,1365,39195
2026-01-08 13:51:00+05:30,13.75,13.75,13.6,13.6,780,39195
2026-01-08 13:52:00+05:30,13.7,13.7,13.7,13.7,65,39195
2026-01-08 13:53:00+05:30,13.7,13.7,13.7,13.7,0,39195
2026-01-08 13:54:00+05:30,13.7,13.7,13.7,13.7,0,39195
2026-01-08 13:55:00+05:30,13.7,13.7,13.7,13.7,0,39195
2026-01-08 13:56:00+05:30,13.7,13.7,13.7,13.7,0,39195
2026-01-08 13:57:00+05:30,12.65,12.65,12.5,12.5,715,39650
2026-01-08 13:58:00+05:30,12.45,12.5,12.45,12.5,325,39650
2026-01-08 13:59:00+05:30,12.7,12.9,12.7,12.8,1040,39585
2026-01-08 14:00:00+05:30,12.7,12.7,12.7,12.7,65,39585
2026-01-08 14:01:00+05:30,12.4,12.4,12.4,12.4,325,39585
2026-01-08 14:02:00+05:30,12.4,12.4,12.35,12.35,520,39585
2026-01-08 14:03:00+05:30,12.6,12.8,12.6,12.8,260,39585
2026-01-08 14:04:00+05:30,12.9,12.9,12.8,12.8,325,39585
2026-01-08 14:05:00+05:30,12.75,12.75,12.75,12.75,130,39845
2026-01-08 14:06:00+05:30,12.75,12.75,12.25,12.6,3120,39845
2026-01-08 14:07:00+05:30,12.5,12.6,12.5,12.6,455,39845
2026-01-08 14:08:00+05:30,12.6,12.9,12.6,12.9,650,40885
2026-01-08 14:09:00+05:30,12.9,12.9,12.9,12.9,0,40885
2026-01-08 14:10:00+05:30,13.15,13.35,13.15,13.35,715,40885
2026-01-08 14:11:00+05:30,13.35,13.35,13.3,13.3,130,41275
2026-01-08 14:12:00+05:30,13.3,13.3,13.3,13.3,0,41275
2026-01-08 14:13:00+05:30,13.3,13.3,13.3,13.3,0,41275
2026-01-08 14:14:00+05:30,13.15,13.15,13.15,13.15,325,41340
2026-01-08 14:15:00+05:30,13.15,13.15,13.15,13.15,0,41340
2026-01-08 14:16:00+05:30,13.15,13.15,13.15,13.15,0,41340
2026-01-08 14:17:00+05:30,13.0,13.0,12.9,12.9,1040,41340
2026-01-08 14:18:00+05:30,12.9,12.9,12.9,12.9,130,41340
2026-01-08 14:19:00+05:30,12.6,12.6,12.45,12.45,845,41340
2026-01-08 14:20:00+05:30,12.25,12.25,12.25,12.25,130,41535
2026-01-08 14:21:00+05:30,11.75,11.75,11.75,11.75,130,41535
2026-01-08 14:22:00+05:30,11.5,11.5,11.45,11.45,455,41535
2026-01-08 14:23:00+05:30,11.6,11.6,11.45,11.45,195,41535
2026-01-08 14:24:00+05:30,11.7,11.85,11.7,11.85,1105,41275
2026-01-08 14:25:00+05:30,11.9,12.15,11.9,12.1,585,41275
2026-01-08 14:26:00+05:30,12.0,12.0,12.0,12.0,65,41275
2026-01-08 14:27:00+05:30,12.1,12.1,12.1,12.1,65,41145
2026-01-08 14:28:00+05:30,12.6,12.6,12.6,12.6,195,41145
2026-01-08 14:29:00+05:30,12.8,12.9,12.75,12.75,260,41080
2026-01-08 14:30:00+05:30,12.7,12.7,12.6,12.6,130,41080
2026-01-08 14:31:00+05:30,12.65,12.65,12.65,12.65,130,41080
2026-01-08 14:32:00+05:30,12.65,12.65,12.65,12.65,130,41080
2026-01-08 14:33:00+05:30,12.0,12.0,12.0,12.0,65,41015
2026-01-08 14:34:00+05:30,12.0,12.05,12.0,12.05,195,41015
2026-01-08 14:35:00+05:30,12.05,12.05,12.05,12.05,0,41015
2026-01-08 14:36:00+05:30,12.05,12.05,12.05,12.05,65,41080
2026-01-08 14:37:00+05:30,11.8,11.8,11.75,11.75,1040,41080
2026-01-08 14:38:00+05:30,11.45,11.45,11.4,11.4,325,40235
2026-01-08 14:39:00+05:30,11.4,11.4,11.4,11.4,0,40235
2026-01-08 14:40:00+05:30,11.5,11.5,11.5,11.5,325,40235
2026-01-08 14:41:00+05:30,11.65,11.75,11.65,11.75,455,40300
2026-01-08 14:42:00+05:30,11.7,11.7,11.6,11.6,845,40300
2026-01-08 14:43:00+05:30,11.5,11.5,11.5,11.5,130,40300
2026-01-08 14:44:00+05:30,11.5,11.5,11.5,11.5,0,40300
2026-01-08 14:45:00+05:30,11.5,11.5,11.5,11.5,0,40300
2026-01-08 14:46:00+05:30,11.6,11.6,11.6,11.6,325,40235
2026-01-08 14:47:00+05:30,11.3,11.35,11.3,11.35,325,40235
2026-01-08 14:48:00+05:30,11.45,11.45,11.45,11.45,260,40235
2026-01-08 14:49:00+05:30,11.45,11.45,11.45,11.45,0,40235
2026-01-08 14:50:00+05:30,11.2,11.25,11.2,11.2,195,40235
2026-01-08 14:51:00+05:30,11.1,11.1,11.1,11.1,130,40235
2026-01-08 14:52:00+05:30,11.1,11.1,11.1,11.1,0,40235
2026-01-08 14:53:00+05:30,11.1,11.1,11.1,11.1,0,40235
2026-01-08 14:54:00+05:30,11.1,11.1,11.1,11.1,0,40235
2026-01-08 14:55:00+05:30,11.1,11.1,11.1,11.1,0,40235
2026-01-08 14:56:00+05:30,11.1,11.1,11.1,11.1,0,40235
2026-01-08 14:57:00+05:30,11.1,11.1,11.1,11.1,0,40235
2026-01-08 14:58:00+05:30,11.85,11.85,11.85,11.85,910,40235
2026-01-08 14:59:00+05:30,11.7,11.85,11.7,11.85,390,40365
2026-01-08 15:00:00+05:30,11.7,11.9,11.7,11.85,1300,40365
2026-01-08 15:01:00+05:30,11.85,11.95,11.8,11.95,1300,40365
2026-01-08 15:02:00+05:30,11.8,11.95,11.8,11.9,260,40430
2026-01-08 15:03:00+05:30,12.0,12.4,12.0,12.35,3315,40430
2026-01-08 15:04:00+05:30,12.55,12.85,12.55,12.85,1950,40430
2026-01-08 15:05:00+05:30,13.05,13.65,13.05,13.6,4095,40820
2026-01-08 15:06:00+05:30,13.75,13.8,13.65,13.65,2145,40820
2026-01-08 15:07:00+05:30,13.7,13.7,13.45,13.45,1560,40820
2026-01-08 15:08:00+05:30,13.3,13.3,12.8,12.85,1365,41925
2026-01-08 15:09:00+05:30,12.9,13.25,12.9,13.25,2665,41925
2026-01-08 15:10:00+05:30,13.25,13.25,13.0,13.0,780,41925
2026-01-08 15:11:00+05:30,12.95,13.0,12.95,13.0,325,41925
2026-01-08 15:12:00+05:30,13.0,13.0,13.0,13.0,195,42120
2026-01-08 15:13:00+05:30,13.0,13.0,13.0,13.0,715,42120
2026-01-08 15:14:00+05:30,13.0,13.0,13.0,13.0,0,42120
2026-01-08 15:15:00+05:30,12.75,12.75,12.7,12.7,715,42120
2026-01-08 15:16:00+05:30,12.65,12.8,12.6,12.6,845,42120
2026-01-08 15:17:00+05:30,12.65,12.9,12.65,12.9,1170,41795
2026-01-08 15:18:00+05:30,12.85,12.85,12.75,12.75,455,41795
2026-01-08 15:19:00+05:30,12.9,13.0,12.85,13.0,585,41795
2026-01-08 15:20:00+05:30,12.95,13.0,12.9,13.0,1365,41665
2026-01-08 15:21:00+05:30,12.9,12.95,12.9,12.9,845,41665
2026-01-08 15:22:00+05:30,12.8,13.15,12.8,13.15,2600,41665
2026-01-08 15:23:00+05:30,13.0,13.15,12.9,13.05,2600,41145
2026-01-08 15:24:00+05:30,13.15,13.25,13.05,13.25,910,41145
2026-01-08 15:25:00+05:30,13.2,13.25,13.1,13.2,2015,41145
2026-01-08 15:26:00+05:30,13.2,13.2,13.05,13.05,1755,42575
2026-01-08 15:27:00+05:30,12.95,13.2,12.95,13.1,2275,42575
2026-01-08 15:28:00+05:30,13.1,13.45,13.1,13.45,585,42575
2026-01-08 15:29:00+05:30,13.5,14.1,13.5,14.1,1755,45110
2026-01-09 09:16:00+05:30,11.3,12.2,11.25,12.2,260,45435
2026-01-09 09:17:00+05:30,11.5,11.65,11.3,11.3,1105,45435
2026-01-09 09:18:00+05:30,10.95,11.55,10.95,11.55,3835,45435
2026-01-09 09:19:00+05:30,11.6,11.6,11.15,11.15,4810,48100
2026-01-09 09:20:00+05:30,11.35,11.5,11.1,11.45,3445,48100
2026-01-09 09:21:00+05:30,11.65,12.35,11.55,12.35,1885,48100
2026-01-09 09:22:00+05:30,12.35,12.8,12.3,12.55,4680,50895
2026-01-09 09:23:00+05:30,12.4,12.4,12.0,12.0,1690,50895
2026-01-09 09:24:00+05:30,12.25,12.45,12.25,12.45,910,50895
2026-01-09 09:25:00+05:30,12.45,12.45,12.45,12.45,585,51480
2026-01-09 09:26:00+05:30,12.4,12.4,11.7,11.7,1430,51480
2026-01-09 09:27:00+05:30,11.9,12.05,11.75,12.05,325,51480
2026-01-09 09:28:00+05:30,12.3,12.95,12.3,12.95,455,52130
2026-01-09 09:29:00+05:30,12.85,13.0,12.85,13.0,195,52130
2026-01-09 09:30:00+05:30,13.25,13.25,12.4,12.4,455,52130
2026-01-09 09:31:00+05:30,12.35,12.35,11.75,11.75,520,51610
2026-01-09 09:32:00+05:30,12.45,12.45,12.4,12.4,130,51610
2026-01-09 09:33:00+05:30,13.45,14.35,13.45,14.35,130,51610
2026-01-09 09:34:00+05:30,14.0,14.1,13.3,13.6,1235,51415
2026-01-09 09:35:00+05:30,13.7,13.8,13.5,13.8,2470,51415
2026-01-09 09:36:00+05:30,13.85,14.0,13.55,14.0,1820,51415
2026-01-09 09:37:00+05:30,13.95,14.35,13.95,14.05,1040,51025
2026-01-09 09:38:00+05:30,14.15,14.25,14.05,14.25,1365,51025
2026-01-09 09:39:00+05:30,14.35,14.45,13.8,13.8,910,51025
2026-01-09 09:40:00+05:30,13.85,14.1,13.8,14.05,2145,50830
2026-01-09 09:41:00+05:30,13.95,14.0,13.8,13.9,1300,50830
2026-01-09 09:42:00+05:30,14.0,14.0,13.55,14.0,650,50830
2026-01-09 09:43:00+05:30,13.8,13.8,13.5,13.5,650,52000
2026-01-09 09:44:00+05:30,12.95,13.0,12.5,12.5,650,52000
2026-01-09 09:45:00+05:30,12.25,12.9,12.2,12.9,1170,52000
2026-01-09 09:46:00+05:30,13.15,13.15,12.6,12.6,650,51740
2026-01-09 09:47:00+05:30,12.9,12.9,12.55,12.55,130,51740
2026-01-09 09:48:00+05:30,12.25,12.25,11.9,12.0,2600,51740
2026-01-09 09:49:00+05:30,11.85,12.15,11.75,12.15,845,52845
2026-01-09 09:50:00+05:30,12.3,12.8,12.3,12.6,3575,52845
2026-01-09 09:51:00+05:30,12.85,12.85,12.3,12.3,1300,52845
2026-01-09 09:52:00+05:30,12.2,12.5,12.2,12.45,585,54600
2026-01-09 09:53:00+05:30,12.5,13.0,12.5,12.9,650,54600
2026-01-09 09:54:00+05:30,12.7,12.7,12.1,12.1,1040,54600
2026-01-09 09:55:00+05:30,12.1,12.1,11.85,11.85,1885,53885
2026-01-09 09:56:00+05:30,11.95,12.05,11.7,11.8,3575,53885
2026-01-09 09:57:00+05:30,11.65,11.95,11.65,11.9,1820,53885
2026-01-09 09:58:00+05:30,11.8,11.9,11.75,11.9,650,55315
2026-01-09 09:59:00+05:30,11.95,12.05,11.9,11.95,1755,55315
2026-01-09 10:00:00+05:30,11.8,11.95,11.75,11.9,650,55315
2026-01-09 10:01:00+05:30,11.8,12.05,11.8,11.95,1105,56160
2026-01-09 10:02:00+05:30,12.05,12.25,12.05,12.15,845,56160
2026-01-09 10:03:00+05:30,12.35,12.6,12.25,12.5,1365,56160
2026-01-09 10:04:00+05:30,12.3,12.3,12.25,12.25,780,56810
2026-01-09 10:05:00+05:30,12.1,12.65,12.05,12.65,910,56810
2026-01-09 10:06:00+05:30,12.3,12.35,12.25,12.25,585,56810
2026-01-09 10:07:00+05:30,12.3,12.4,12.25,12.25,1040,56680
2026-01-09 10:08:00+05:30,12.4,12.5,12.3,12.35,520,56680
2026-01-09 10:09:00+05:30,12.3,12.35,12.2,12.35,910,56680
2026-01-09 10:10:00+05:30,12.4,12.7,12.4,12.7,520,58045
2026-01-09 10:11:00+05:30,12.25,12.25,12.25,12.25,65,58045
2026-01-09 10:12:00+05:30,12.4,12.75,12.4,12.75,650,58045
2026-01-09 10:13:00+05:30,12.7,13.05,12.6,12.9,715,58435
2026-01-09 10:14:00+05:30,12.85,12.95,12.75,12.75,650,58435
2026-01-09 10:15:00+05:30,12.65,12.75,12.55,12.55,455,58435
2026-01-09 10:16:00+05:30,12.55,12.9,12.55,12.85,520,58435
2026-01-09 10:17:00+05:30,12.65,12.7,12.6,12.7,780,58435
2026-01-09 10:18:00+05:30,12.75,12.95,12.65,12.65,650,58435
2026-01-09 10:19:00+05:30,12.45,12.6,12.45,12.6,195,58955
2026-01-09 10:20:00+05:30,12.45,12.75,12.45,12.75,390,58955
2026-01-09 10:21:00+05:30,12.65,12.65,12.25,12.25,325,58955
2026-01-09 10:22:00+05:30,12.1,12.25,12.1,12.25,195,59280
2026-01-09 10:23:00+05:30,12.25,12.25,12.25,12.25,195,59280
2026-01-09 10:24:00+05:30,12.25,12.25,12.25,12.25,0,59280
2026-01-09 10:25:00+05:30,12.65,12.7,12.55,12.7,715,59345
2026-01-09 10:26:00+05:30,12.55,12.55,12.05,12.05,520,59345
2026-01-09 10:27:00+05:30,12.05,12.05,11.75,11.75,520,59345
2026-01-09 10:28:00+05:30,11.75,11.75,11.75,11.75,0,59345
2026-01-09 10:29:00+05:30,12.1,12.2,12.1,12.2,325,59020
2026-01-09 10:30:00+05:30,12.2,12.2,12.2,12.2,0,59020
2026-01-09 10:31:00+05:30,12.15,12.15,12.15,12.15,390,59150
2026-01-09 10:32:00+05:30,12.05,12.45,12.05,12.35,910,59150
2026-01-09 10:33:00+05:30,12.45,12.75,12.3,12.75,2275,59150
2026-01-09 10:34:00+05:30,12.7,13.1,12.65,13.05,4095,63635
2026-01-09 10:35:00+05:30,13.1,13.1,12.8,12.85,975,63635
2026-01-09 10:36:00+05:30,12.85,13.35,12.85,13.3,910,63635
2026-01-09 10:37:00+05:30,13.3,13.3,12.95,12.95,3185,65130
2026-01-09 10:38:00+05:30,12.7,13.25,12.7,13.15,975,65130
2026-01-09 10:39:00+05:30,13.05,13.15,12.9,12.9,390,65130
2026-01-09 10:40:00+05:30,12.9,12.9,12.9,12.9,65,65130
2026-01-09 10:41:00+05:30,13.2,13.2,13.2,13.2,455,66105
2026-01-09 10:42:00+05:30,12.95,13.2,12.95,13.2,195,66105
2026-01-09 10:43:00+05:30,12.75,12.75,12.75,12.75,130,66105
2026-01-09 10:44:00+05:30,12.65,12.65,12.6,12.6,1300,66430
2026-01-09 10:45:00+05:30,12.6,12.75,12.6,12.75,130,66430
2026-01-09 10:46:00+05:30,12.6,12.6,12.6,12.6,260,66430
2026-01-09 10:47:00+05:30,12.25,12.25,12.25,12.25,65,66300
2026-01-09 10:48:00+05:30,12.4,12.4,12.4,12.4,130,66300
2026-01-09 10:49:00+05:30,12.35,12.45,12.35,12.45,260,66300
2026-01-09 10:50:00+05:30,12.35,12.35,12.35,12.35,130,66560
2026-01-09 10:51:00+05:30,12.5,12.5,12.4,12.4,195,66560
2026-01-09 10:52:00+05:30,12.6,12.95,12.6,12.95,1040,66365
2026-01-09 10:53:00+05:30,12.7,13.1,12.7,12.9,1040,66365
2026-01-09 10:54:00+05:30,13.0,13.1,13.0,13.0,650,66365
2026-01-09 10:55:00+05:30,13.1,13.2,13.05,13.2,260,66235
2026-01-09 10:56:00+05:30,13.25,13.25,13.2,13.2,130,66235
2026-01-09 10:57:00+05:30,13.25,14.5,13.25,14.5,650,66235
2026-01-09 10:58:00+05:30,14.35,14.45,14.3,14.3,1560,66950
2026-01-09 10:59:00+05:30,13.9,14.0,13.7,13.7,585,66950
2026-01-09 11:00:00+05:30,13.85,14.1,13.85,14.1,260,66950
2026-01-09 11:01:00+05:30,13.95,14.2,13.75,14.2,1430,66690
2026-01-09 11:02:00+05:30,14.25,14.25,14.0,14.0,2015,66690
2026-01-09 11:03:00+05:30,14.25,14.25,14.05,14.05,325,66690
2026-01-09 11:04:00+05:30,14.1,14.1,14.0,14.0,520,67600
2026-01-09 11:05:00+05:30,13.8,13.8,13.7,13.7,390,67600
2026-01-09 11:06:00+05:30,14.15,14.15,13.6,13.65,260,67600
2026-01-09 11:07:00+05:30,13.7,13.75,13.45,13.75,6825,70460
2026-01-09 11:08:00+05:30,13.9,13.9,13.8,13.8,130,70460
2026-01-09 11:09:00+05:30,13.9,13.95,13.85,13.85,325,70460
2026-01-09 11:10:00+05:30,13.55,13.55,13.5,13.5,390,70720
2026-01-09 11:11:00+05:30,13.75,13.85,13.75,13.85,715,70720
2026-01-09 11:12:00+05:30,13.85,13.85,13.85,13.85,130,70720
2026-01-09 11:13:00+05:30,13.85,13.85,13.85,13.85,0,70720
2026-01-09 11:14:00+05:30,14.0,14.55,14.0,14.55,2275,70265
2026-01-09 11:15:00+05:30,14.35,14.35,14.2,14.2,325,70265
2026-01-09 11:16:00+05:30,14.25,14.6,14.25,14.6,845,70265
2026-01-09 11:17:00+05:30,14.85,15.0,14.8,14.8,585,71630
2026-01-09 11:18:00+05:30,14.6,14.75,14.35,14.65,9880,71630
2026-01-09 11:19:00+05:30,14.5,14.6,14.4,14.6,1885,71630
2026-01-09 11:20:00+05:30,14.55,14.55,14.55,14.55,65,76440
2026-01-09 11:21:00+05:30,14.65,14.8,14.6,14.75,650,76440
2026-01-09 11:22:00+05:30,14.65,14.65,14.65,14.65,910,76440
2026-01-09 11:23:00+05:30,14.55,14.6,14.5,14.6,585,75465
2026-01-09 11:24:00+05:30,14.7,14.7,14.5,14.7,1105,75465
2026-01-09 11:25:00+05:30,14.4,14.4,14.4,14.4,130,75465
2026-01-09 11:26:00+05:30,14.4,14.4,14.3,14.3,260,75075
2026-01-09 11:27:00+05:30,14.35,14.35,14.35,14.35,195,75075
2026-01-09 11:28:00+05:30,14.4,14.4,14.35,14.35,195,75075
2026-01-09 11:29:00+05:30,14.25,14.25,14.25,14.25,130,75140
2026-01-09 11:30:00+05:30,14.05,14.1,14.05,14.1,130,75140
2026-01-09 11:31:00+05:30,14.1,14.1,14.1,14.1,0,75140
2026-01-09 11:32:00+05:30,13.75,13.9,13.75,13.9,130,75205
2026-01-09 11:33:00+05:30,14.15,14.15,14.15,14.15,65,75205
2026-01-09 11:34:00+05:30,14.35,14.7,14.35,14.7,585,75270
2026-01-09 11:35:00+05:30,15.25,16.14,15.25,16.14,2210,75270
2026-01-09 11:36:00+05:30,16.45,16.89,16.35,16.39,4745,75270
2026-01-09 11:37:00+05:30,16.8,17.25,16.75,17.25,1170,75595
2026-01-09 11:38:00+05:30,17.05,17.35,17.0,17.35,3705,75595
2026-01-09 11:39:00+05:30,17.5,17.6,16.7,16.7,1430,75595
2026-01-09 11:40:00+05:30,16.7,16.7,16.6,16.6,585,75595
2026-01-09 11:41:00+05:30,16.89,17.1,16.89,17.05,1495,75790
2026-01-09 11:42:00+05:30,17.1,17.1,17.05,17.1,1235,75790
2026-01-09 11:43:00+05:30,17.0,17.55,17.0,17.45,2990,77350
2026-01-09 11:44:00+05:30,17.35,18.0,17.35,17.8,7930,77350
2026-01-09 11:45:00+05:30,17.89,17.89,17.45,17.45,975,77350
2026-01-09 11:46:00+05:30,17.39,19.05,17.39,19.05,2535,79885
2026-01-09 11:47:00+05:30,19.1,19.5,18.89,19.1,3185,79885
2026-01-09 11:48:00+05:30,19.05,19.05,17.95,17.95,6175,79885
2026-01-09 11:49:00+05:30,17.95,18.35,17.95,18.35,3575,78260
2026-01-09 11:50:00+05:30,18.05,18.1,18.05,18.1,390,78260
2026-01-09 11:51:00+05:30,18.3,18.45,18.3,18.45,780,78260
2026-01-09 11:52:00+05:30,18.8,19.5,18.75,19.25,910,77870
2026-01-09 11:53:00+05:30,19.7,19.89,19.3,19.39,2730,77870
2026-01-09 11:54:00+05:30,19.35,19.35,18.89,19.2,2080,77870
2026-01-09 11:55:00+05:30,19.05,19.05,18.64,18.75,1430,79365
2026-01-09 11:56:00+05:30,18.8,19.7,18.8,19.7,2470,79365
2026-01-09 11:57:00+05:30,19.7,19.75,19.5,19.75,1495,79365
2026-01-09 11:58:00+05:30,19.75,19.75,19.55,19.55,2015,79495
2026-01-09 11:59:00+05:30,19.7,19.75,19.5,19.5,260,79495
2026-01-09 12:00:00+05:30,19.25,19.25,18.89,19.1,5070,79495
2026-01-09 12:01:00+05:30,19.2,19.2,18.95,18.95,390,79495
2026-01-09 12:02:00+05:30,18.95,18.95,18.5,18.6,2340,80275
2026-01-09 12:03:00+05:30,18.35,18.35,18.0,18.0,390,80275
2026-01-09 12:04:00+05:30,17.7,17.7,17.6,17.6,2600,80275
2026-01-09 12:05:00+05:30,17.6,17.6,17.6,17.6,260,79365
2026-01-09 12:06:00+05:30,17.64,18.05,17.64,18.05,585,79365
2026-01-09 12:07:00+05:30,18.0,18.0,17.75,18.0,520,79365
2026-01-09 12:08:00+05:30,17.75,17.75,17.64,17.7,910,79495
2026-01-09 12:09:00+05:30,17.89,18.3,17.89,18.25,2470,79495
2026-01-09 12:10:00+05:30,18.8,18.85,18.8,18.85,260,79495
2026-01-09 12:11:00+05:30,19.0,19.0,18.39,18.45,1560,80210
2026-01-09 12:12:00+05:30,18.6,18.6,18.14,18.14,1040,80210
2026-01-09 12:13:00+05:30,18.5,18.7,18.5,18.7,520,80210
2026-01-09 12:14:00+05:30,18.45,19.6,18.45,19.0,650,80210
2026-01-09 12:15:00+05:30,18.95,18.95,18.64,18.64,325,80210
2026-01-09 12:16:00+05:30,18.8,18.8,17.95,17.95,2600,80210
2026-01-09 12:17:00+05:30,18.5,18.5,18.5,18.5,65,79365
2026-01-09 12:18:00+05:30,18.3,18.8,18.3,18.7,455,79365
2026-01-09 12:19:00+05:30,18.55,18.7,18.5,18.5,780,79365
2026-01-09 12:20:00+05:30,18.64,18.64,18.64,18.64,130,79170
2026-01-09 12:21:00+05:30,18.95,18.95,18.75,18.8,520,79170
2026-01-09 12:22:00+05:30,18.64,19.14,18.39,18.85,2860,79170
2026-01-09 12:23:00+05:30,18.85,18.89,18.85,18.89,195,80145
2026-01-09 12:24:00+05:30,18.85,19.1,18.85,18.95,520,80145
2026-01-09 12:25:00+05:30,18.89,18.89,18.75,18.8,1885,80145
2026-01-09 12:26:00+05:30,18.85,19.3,18.85,19.3,11440,79235
2026-01-09 12:27:00+05:30,19.1,19.35,19.1,19.25,845,79235
2026-01-09 12:28:00+05:30,19.35,19.6,19.35,19.45,455,79235
2026-01-09 12:29:00+05:30,19.55,20.7,19.5,20.5,1430,78000
2026-01-09 12:30:00+05:30,19.95,20.0,19.5,19.5,1365,78000
2026-01-09 12:31:00+05:30,19.89,19.89,19.55,19.7,845,78000
2026-01-09 12:32:00+05:30,19.5,19.6,19.5,19.55,1755,76050
2026-01-09 12:33:00+05:30,19.2,19.7,19.2,19.7,585,76050
2026-01-09 12:34:00+05:30,19.8,20.25,19.64,20.14,4355,76050
2026-01-09 12:35:00+05:30,20.1,20.7,20.1,20.7,2665,75075
2026-01-09 12:36:00+05:30,21.15,23.05,21.15,22.95,13520,75075
2026-01-09 12:37:00+05:30,22.85,26.1,22.85,26.1,7410,75075
2026-01-09 12:38:00+05:30,26.05,26.6,24.9,24.95,3770,65520
2026-01-09 12:39:00+05:30,25.0,25.0,24.35,24.95,3705,65520
2026-01-09 12:40:00+05:30,25.1,26.05,24.9,26.05,650,65520
2026-01-09 12:41:00+05:30,25.75,27.35,25.75,27.3,5655,63050
2026-01-09 12:42:00+05:30,26.95,27.8,26.85,27.6,4290,63050
2026-01-09 12:43:00+05:30,27.3,27.7,26.9,26.9,4745,63050
2026-01-09 12:44:00+05:30,26.75,26.75,25.8,25.8,1300,63440
2026-01-09 12:45:00+05:30,25.75,26.6,25.75,26.25,1625,63440
2026-01-09 12:46:00+05:30,26.35,26.35,25.5,26.1,1170,63440
2026-01-09 12:47:00+05:30,26.25,26.4,26.1,26.2,1105,63050
2026-01-09 12:48:00+05:30,25.85,26.15,25.75,26.1,1430,63050
2026-01-09 12:49:00+05:30,26.3,27.0,26.3,26.7,3900,63050
2026-01-09 12:50:00+05:30,26.4,26.6,26.0,26.0,5330,63180
2026-01-09 12:51:00+05:30,26.2,26.2,25.5,25.7,3315,63180
2026-01-09 12:52:00+05:30,26.0,26.0,24.6,24.6,1365,63180
2026-01-09 12:53:00+05:30,24.5,24.5,23.8,23.8,1560,62660
2026-01-09 12:54:00+05:30,24.0,24.25,23.6,24.25,4810,62660
2026-01-09 12:55:00+05:30,24.4,24.65,24.2,24.2,1365,62660
2026-01-09 12:56:00+05:30,24.35,24.35,24.1,24.2,5655,65390
2026-01-09 12:57:00+05:30,24.0,25.05,24.0,25.05,390,65390
2026-01-09 12:58:00+05:30,25.0,25.0,24.5,24.65,2925,65390
2026-01-09 12:59:00+05:30,24.6,24.6,24.6,24.6,455,65585
2026-01-09 13:00:00+05:30,24.35,24.35,23.8,23.9,910,65585
2026-01-09 13:01:00+05:30,23.8,24.25,23.8,24.25,2015,65585
2026-01-09 13:02:00+05:30,24.6,24.6,24.3,24.3,195,65585
2026-01-09 13:03:00+05:30,24.5,25.2,24.5,25.2,1625,67535
2026-01-09 13:04:00+05:30,25.1,25.1,24.75,24.75,520,67535
2026-01-09 13:05:00+05:30,24.9,25.0,24.8,25.0,4160,69290
2026-01-09 13:06:00+05:30,24.9,25.2,24.9,25.1,585,69290
2026-01-09 13:07:00+05:30,25.2,25.35,25.05,25.2,1040,69290
2026-01-09 13:08:00+05:30,24.7,24.7,24.25,24.25,2015,68510
2026-01-09 13:09:00+05:30,24.25,24.8,24.25,24.65,1040,68510
2026-01-09 13:10:00+05:30,24.6,24.75,24.5,24.75,975,68510
2026-01-09 13:11:00+05:30,24.15,24.2,24.0,24.0,325,68510
2026-01-09 13:12:00+05:30,24.3,24.3,24.1,24.1,1105,67860
2026-01-09 13:13:00+05:30,24.1,24.1,24.05,24.05,390,67860
2026-01-09 13:14:00+05:30,23.6,24.05,23.2,24.05,910,68250
2026-01-09 13:15:00+05:30,24.25,24.5,23.6,23.6,1040,68250
2026-01-09 13:16:00+05:30,23.8,24.05,23.65,24.05,780,68250
2026-01-09 13:17:00+05:30,24.35,24.75,24.3,24.75,1235,68965
2026-01-09 13:18:00+05:30,24.7,24.7,24.0,24.0,650,68965
2026-01-09 13:19:00+05:30,23.75,23.75,23.2,23.2,650,68965
2026-01-09 13:20:00+05:30,22.9,22.9,22.35,22.55,2470,68965
2026-01-09 13:21:00+05:30,22.75,22.75,22.4,22.4,390,68965
2026-01-09 13:22:00+05:30,22.4,22.45,21.85,21.85,780,68965
2026-01-09 13:23:00+05:30,21.85,22.4,21.85,22.4,260,68120
2026-01-09 13:24:00+05:30,22.2,22.6,22.15,22.45,715,68120
2026-01-09 13:25:00+05:30,22.8,22.85,22.7,22.8,325,68120
2026-01-09 13:26:00+05:30,23.2,23.25,23.1,23.2,1040,68510
2026-01-09 13:27:00+05:30,23.0,23.2,23.0,23.2,650,68510
2026-01-09 13:28:00+05:30,23.4,23.4,23.1,23.2,585,68510
2026-01-09 13:29:00+05:30,23.2,23.2,23.2,23.2,0,68510
2026-01-09 13:30:00+05:30,22.65,22.75,22.5,22.75,2145,68575
2026-01-09 13:31:00+05:30,23.0,23.3,23.0,23.3,130,68575
2026-01-09 13:32:00+05:30,23.65,24.15,23.65,24.15,585,68445
2026-01-09 13:33:00+05:30,24.45,24.75,24.3,24.3,1755,68445
2026-01-09 13:34:00+05:30,24.3,24.3,24.1,24.1,1560,68445
2026-01-09 13:35:00+05:30,23.8,23.8,22.65,22.8,5785,68965
2026-01-09 13:36:00+05:30,22.85,22.85,21.9,21.9,390,68965
2026-01-09 13:37:00+05:30,21.95,21.95,21.15,21.4,780,68965
2026-01-09 13:38:00+05:30,20.85,21.0,20.35,21.0,2340,68770
2026-01-09 13:39:00+05:30,21.0,21.2,20.85,20.9,1365,68770
2026-01-09 13:40:00+05:30,21.4,22.0,21.4,22.0,260,68770
2026-01-09 13:41:00+05:30,22.5,22.5,22.15,22.2,650,69095
2026-01-09 13:42:00+05:30,22.6,23.1,22.6,23.1,455,69095
2026-01-09 13:43:00+05:30,23.15,24.1,23.1,24.1,1300,69095
2026-01-09 13:44:00+05:30,23.85,24.35,23.85,23.85,455,68640
2026-01-09 13:45:00+05:30,24.05,24.2,23.7,24.2,1105,68640
2026-01-09 13:46:00+05:30,24.35,24.7,24.2,24.7,585,68640
2026-01-09 13:47:00+05:30,24.9,24.9,24.5,24.85,1820,68445
2026-01-09 13:48:00+05:30,24.75,25.35,24.75,25.1,1950,68445
2026-01-09 13:49:00+05:30,25.15,25.15,24.05,24.05,1300,68445
2026-01-09 13:50:00+05:30,24.1,24.1,23.65,23.65,5200,68445
2026-01-09 13:51:00+05:30,24.5,24.5,24.5,24.5,195,68900
2026-01-09 13:52:00+05:30,24.95,25.3,24.95,25.25,455,68900
2026-01-09 13:53:00+05:30,25.6,25.65,24.95,25.1,1105,69485
2026-01-09 13:54:00+05:30,24.9,25.25,24.9,25.0,585,69485
2026-01-09 13:55:00+05:30,25.6,25.9,25.5,25.6,2210,69485
2026-01-09 13:56:00+05:30,25.3,25.7,24.9,24.9,8060,74100
2026-01-09 13:57:00+05:30,25.1,25.45,25.1,25.45,780,74100
2026-01-09 13:58:00+05:30,24.65,24.65,23.7,24.1,2795,74100
2026-01-09 13:59:00+05:30,24.1,24.1,23.85,23.95,845,72345
2026-01-09 14:00:00+05:30,23.75,23.75,23.25,23.7,585,72345
2026-01-09 14:01:00+05:30,24.0,24.25,24.0,24.25,650,72345
2026-01-09 14:02:00+05:30,24.0,24.05,24.0,24.05,390,73060
2026-01-09 14:03:00+05:30,24.1,25.2,24.05,25.2,715,73060
2026-01-09 14:04:00+05:30,25.05,25.05,24.3,24.4,1040,73060
2026-01-09 14:05:00+05:30,24.6,24.9,24.6,24.6,4810,73060
2026-01-09 14:06:00+05:30,24.45,24.85,24.45,24.85,195,76505
2026-01-09 14:07:00+05:30,24.8,24.9,24.8,24.9,520,76505
2026-01-09 14:08:00+05:30,25.0,25.4,24.9,24.9,845,75920
2026-01-09 14:09:00+05:30,24.25,24.25,24.25,24.25,455,75920
2026-01-09 14:10:00+05:30,24.6,24.75,24.6,24.7,3575,75920
2026-01-09 14:11:00+05:30,24.6,24.65,24.5,24.65,1300,75920
2026-01-09 14:12:00+05:30,24.75,24.8,24.7,24.8,780,79040
2026-01-09 14:13:00+05:30,25.15,25.5,25.15,25.5,520,79040
2026-01-09 14:14:00+05:30,25.75,26.0,25.5,25.85,1560,79235
2026-01-09 14:15:00+05:30,25.5,25.5,24.8,24.85,845,79235
2026-01-09 14:16:00+05:30,25.45,25.7,25.2,25.2,2210,79235
2026-01-09 14:17:00+05:30,25.25,25.3,25.15,25.15,455,78975
2026-01-09 14:18:00+05:30,25.35,26.35,25.35,26.05,5135,78975
2026-01-09 14:19:00+05:30,25.95,26.45,25.4,25.4,8125,78975
2026-01-09 14:20:00+05:30,25.3,25.45,25.15,25.35,1105,80535
2026-01-09 14:21:00+05:30,25.75,25.9,25.55,25.9,1105,80535
2026-01-09 14:22:00+05:30,26.1,26.2,25.75,26.2,1820,80535
2026-01-09 14:23:00+05:30,25.95,26.2,25.75,26.15,1170,80405
2026-01-09 14:24:00+05:30,26.05,26.1,25.6,25.6,3835,80405
2026-01-09 14:25:00+05:30,25.25,25.25,24.6,25.05,1820,80405
2026-01-09 14:26:00+05:30,25.3,25.4,25.25,25.4,3380,82225
2026-01-09 14:27:00+05:30,25.25,25.35,24.8,25.35,3900,82225
2026-01-09 14:28:00+05:30,25.65,25.7,25.65,25.65,325,82225
2026-01-09 14:29:00+05:30,26.0,26.25,25.75,26.25,1170,82225
2026-01-09 14:30:00+05:30,26.0,26.05,25.95,26.0,1365,84500
2026-01-09 14:31:00+05:30,26.5,26.5,26.1,26.25,1430,84500
2026-01-09 14:32:00+05:30,26.1,26.25,25.9,25.9,1885,82745
2026-01-09 14:33:00+05:30,26.15,26.15,25.8,25.95,325,82745
2026-01-09 14:34:00+05:30,25.5,25.6,24.95,24.95,1170,82745
2026-01-09 14:35:00+05:30,25.1,25.15,24.25,25.1,6240,84955
2026-01-09 14:36:00+05:30,25.3,25.75,25.2,25.4,1690,84955
2026-01-09 14:37:00+05:30,25.4,25.6,25.1,25.6,1170,84955
2026-01-09 14:38:00+05:30,25.5,25.6,25.2,25.2,260,84955
2026-01-09 14:39:00+05:30,25.7,26.05,25.7,26.05,195,85735
2026-01-09 14:40:00+05:30,26.4,26.55,26.3,26.55,780,85735
2026-01-09 14:41:00+05:30,26.55,28.1,26.55,28.1,6565,85475
2026-01-09 14:42:00+05:30,28.5,31.05,28.5,29.95,5525,85475
2026-01-09 14:43:00+05:30,29.7,29.7,28.6,29.0,3900,85475
2026-01-09 14:44:00+05:30,27.4,27.7,27.05,27.25,8190,86840
2026-01-09 14:45:00+05:30,27.55,27.55,26.4,26.4,4225,86840
2026-01-09 14:46:00+05:30,26.2,27.25,26.2,26.75,1820,86840
2026-01-09 14:47:00+05:30,26.95,26.95,26.65,26.9,520,86840
2026-01-09 14:48:00+05:30,26.75,27.05,26.6,26.8,1690,86580
2026-01-09 14:49:00+05:30,26.4,26.8,26.4,26.6,3315,86580
2026-01-09 14:50:00+05:30,26.7,27.35,26.7,27.35,3770,86905
2026-01-09 14:51:00+05:30,27.05,27.35,27.05,27.2,1300,86905
2026-01-09 14:52:00+05:30,27.35,27.5,27.2,27.2,2535,86905
2026-01-09 14:53:00+05:30,26.95,27.6,26.95,27.5,585,86775
2026-01-09 14:54:00+05:30,27.5,27.5,27.2,27.2,390,86775
2026-01-09 14:55:00+05:30,27.15,27.15,26.5,26.85,1430,86775
2026-01-09 14:56:00+05:30,26.5,26.6,26.0,26.0,2145,87815
2026-01-09 14:57:00+05:30,26.4,26.4,25.55,25.55,780,87815
2026-01-09 14:58:00+05:30,25.55,26.15,25.4,25.8,1495,87815
2026-01-09 14:59:00+05:30,25.65,26.15,25.65,25.8,325,87815
2026-01-09 15:00:00+05:30,25.55,27.1,25.55,26.8,4355,87815
2026-01-09 15:01:00+05:30,26.95,27.1,26.5,26.55,1495,87815
2026-01-09 15:02:00+05:30,25.75,26.05,25.6,26.05,7020,87815
2026-01-09 15:03:00+05:30,25.8,25.8,25.4,25.4,2665,91260
2026-01-09 15:04:00+05:30,25.75,25.9,25.6,25.9,715,91260
2026-01-09 15:05:00+05:30,26.0,26.35,25.95,26.1,4160,95095
2026-01-09 15:06:00+05:30,26.1,26.15,25.2,25.4,2210,95095
2026-01-09 15:07:00+05:30,25.7,25.7,23.9,23.9,4615,95095
2026-01-09 15:08:00+05:30,24.1,24.75,24.1,24.55,3835,92300
2026-01-09 15:09:00+05:30,24.55,24.95,24.55,24.75,4355,92300
2026-01-09 15:10:00+05:30,24.65,24.9,24.65,24.7,12220,92300
2026-01-09 15:11:00+05:30,25.2,25.25,24.9,24.9,5590,85150
2026-01-09 15:12:00+05:30,25.0,25.0,23.7,23.8,5720,85150
2026-01-09 15:13:00+05:30,23.95,24.3,23.95,24.15,4290,85150
2026-01-09 15:14:00+05:30,24.3,24.4,24.05,24.1,3055,91520
2026-01-09 15:15:00+05:30,24.2,24.8,24.2,24.55,2990,91520
2026-01-09 15:16:00+05:30,24.75,25.2,24.75,25.2,650,91520
2026-01-09 15:17:00+05:30,25.2,25.5,25.05,25.25,5655,93210
2026-01-09 15:18:00+05:30,25.25,25.6,25.2,25.5,7215,93210
2026-01-09 15:19:00+05:30,25.4,25.75,25.4,25.65,6890,93210
2026-01-09 15:20:00+05:30,25.5,25.7,24.15,24.15,4745,93210
2026-01-09 15:21:00+05:30,24.15,24.4,23.85,24.15,4420,94640
2026-01-09 15:22:00+05:30,24.35,24.6,24.3,24.35,1625,94640
2026-01-09 15:23:00+05:30,24.55,25.15,24.55,24.8,2470,94510
2026-01-09 15:24:00+05:30,24.8,25.05,24.7,25.05,3640,94510
2026-01-09 15:25:00+05:30,25.0,25.0,24.35,24.6,4550,94510
2026-01-09 15:26:00+05:30,24.75,25.1,24.75,25.1,3445,92885
2026-01-09 15:27:00+05:30,25.1,25.2,25.0,25.1,4615,92885
2026-01-09 15:28:00+05:30,25.0,25.2,24.9,25.1,2405,92885
2026-01-09 15:29:00+05:30,25.05,25.05,23.3,23.7,3965,92885
2026-01-12 09:15:00+05:30,25.15,28.2,23.6,27.75,17030,88920
2026-01-12 09:16:00+05:30,27.2,29.2,26.7,28.85,16640,91910
2026-01-12 09:17:00+05:30,28.65,29.8,28.0,29.8,5330,91910
2026-01-12 09:18:00+05:30,30.0,30.0,28.05,28.7,7215,91910
2026-01-12 09:19:00+05:30,28.35,29.6,27.8,29.6,8125,97240
2026-01-12 09:20:00+05:30,29.9,33.85,29.9,33.5,11765,97240
2026-01-12 09:21:00+05:30,33.54,36.0,33.54,34.79,8320,97240
2026-01-12 09:22:00+05:30,34.95,36.75,34.79,35.5,5980,99775
2026-01-12 09:23:00+05:30,35.75,38.1,35.6,37.95,10530,99775
2026-01-12 09:24:00+05:30,37.85,38.9,37.4,38.35,7670,99775
2026-01-12 09:25:00+05:30,38.2,39.65,37.85,39.45,10985,100230
2026-01-12 09:26:00+05:30,38.65,39.9,38.65,39.7,8385,100230
2026-01-12 09:27:00+05:30,39.9,45.75,39.9,45.3,25220,100230
2026-01-12 09:28:00+05:30,45.55,46.35,45.0,45.85,3900,114660
2026-01-12 09:29:00+05:30,45.5,46.1,44.45,45.6,9100,114660
2026-01-12 09:30:00+05:30,45.7,45.7,40.45,40.45,9295,114660
2026-01-12 09:31:00+05:30,40.0,41.0,37.54,40.75,14820,110825
2026-01-12 09:32:00+05:30,40.75,43.55,40.75,42.55,9555,110825
2026-01-12 09:33:00+05:30,42.7,42.9,41.35,41.35,10270,110825
2026-01-12 09:34:00+05:30,40.65,40.7,39.75,40.04,14950,114270
2026-01-12 09:35:00+05:30,40.4,41.4,39.5,39.6,11310,114270
2026-01-12 09:36:00+05:30,40.1,41.4,39.9,40.54,3640,114270
2026-01-12 09:37:00+05:30,40.75,40.95,38.65,39.6,5200,118300
2026-01-12 09:38:00+05:30,39.25,39.35,37.04,37.35,7735,118300
2026-01-12 09:39:00+05:30,37.4,39.1,37.4,39.1,5655,118300
2026-01-12 09:40:00+05:30,39.6,41.2,39.6,41.15,4810,119210
2026-01-12 09:41:00+05:30,41.4,42.6,41.0,42.6,2600,119210
2026-01-12 09:42:00+05:30,41.4,43.05,41.4,42.4,7930,119210
2026-01-12 09:43:00+05:30,42.55,44.35,42.55,43.75,8385,125450
2026-01-12 09:44:00+05:30,43.9,43.9,41.85,41.95,3770,125450
2026-01-12 09:45:00+05:30,42.1,42.5,40.7,41.4,2665,125450
2026-01-12 09:46:00+05:30,42.0,43.0,41.1,43.0,2535,127855
2026-01-12 09:47:00+05:30,43.35,44.55,43.35,44.1,7605,127855
2026-01-12 09:48:00+05:30,43.45,43.45,40.79,40.79,1820,127855
2026-01-12 09:49:00+05:30,40.65,41.1,39.0,39.0,14495,130780
2026-01-12 09:50:00+05:30,39.0,40.75,37.2,40.75,7020,130780
2026-01-12 09:51:00+05:30,40.6,40.6,39.35,40.0,9100,130780
2026-01-12 09:52:00+05:30,39.6,41.3,39.54,41.3,1365,135460
2026-01-12 09:53:00+05:30,41.1,42.0,39.6,39.6,7865,135460
2026-01-12 09:54:00+05:30,39.0,39.35,38.7,38.75,1560,135460
2026-01-12 09:55:00+05:30,38.2,38.4,37.25,38.4,5850,137345
2026-01-12 09:56:00+05:30,38.9,39.6,38.4,39.6,1365,137345
2026-01-12 09:57:00+05:30,39.85,40.5,39.85,40.5,1950,137345
2026-01-12 09:58:00+05:30,40.5,41.4,40.5,41.4,2080,140530
2026-01-12 09:59:00+05:30,40.79,41.65,40.25,41.3,1625,140530
2026-01-12 10:00:00+05:30,41.6,41.6,40.2,40.79,1365,140530
2026-01-12 10:01:00+05:30,40.95,40.95,39.25,39.4,5070,141245
2026-01-12 10:02:00+05:30,39.5,40.0,39.5,40.0,2925,141245
2026-01-12 10:03:00+05:30,39.4,39.4,38.29,38.29,2990,141245
2026-01-12 10:04:00+05:30,38.0,38.0,37.0,37.79,3900,143260
2026-01-12 10:05:00+05:30,37.2,37.85,36.95,37.79,1235,143260
2026-01-12 10:06:00+05:30,37.75,39.2,37.75,39.2,1755,143260
2026-01-12 10:07:00+05:30,39.29,39.29,37.85,39.0,2340,145925
2026-01-12 10:08:00+05:30,38.54,38.54,37.45,37.85,3900,145925
2026-01-12 10:09:00+05:30,38.4,39.0,38.4,38.5,845,145925
2026-01-12 10:10:00+05:30,38.85,39.7,38.7,39.7,2275,147745
2026-01-12 10:11:00+05:30,39.1,39.29,39.0,39.0,390,147745
2026-01-12 10:12:00+05:30,38.4,39.15,38.4,39.15,975,147745
2026-01-12 10:13:00+05:30,39.25,40.1,38.85,40.1,975,147225
2026-01-12 10:14:00+05:30,40.2,40.9,40.2,40.29,1950,147225
2026-01-12 10:15:00+05:30,40.7,40.79,39.5,40.15,46735,147225
2026-01-12 10:16:00+05:30,40.15,41.25,40.15,40.95,17550,179400
2026-01-12 10:17:00+05:30,40.15,40.15,39.0,39.35,3445,179400
2026-01-12 10:18:00+05:30,39.0,39.0,37.85,37.85,2600,179400
2026-01-12 10:19:00+05:30,37.79,37.79,37.2,37.6,520,181155
2026-01-12 10:20:00+05:30,37.79,38.6,37.79,38.0,2275,181155
2026-01-12 10:21:00+05:30,38.4,38.75,37.79,38.4,1235,181155
2026-01-12 10:22:00+05:30,37.79,38.6,37.75,38.5,2535,182325
2026-01-12 10:23:00+05:30,38.0,38.7,37.79,37.79,845,182325
2026-01-12 10:24:00+05:30,37.95,38.4,37.79,37.85,1365,182325
2026-01-12 10:25:00+05:30,38.4,38.4,38.4,38.4,260,182325
2026-01-12 10:26:00+05:30,38.85,38.85,37.79,37.79,1235,183755
2026-01-12 10:27:00+05:30,37.35,37.79,36.6,36.65,1885,183755
2026-01-12 10:28:00+05:30,36.79,37.29,36.79,37.2,520,183820
2026-01-12 10:29:00+05:30,36.7,37.79,36.54,37.79,1040,183820
2026-01-12 10:30:00+05:30,37.2,38.1,36.79,38.1,1040,183820
2026-01-12 10:31:00+05:30,37.9,38.25,37.75,38.1,1105,184470
2026-01-12 10:32:00+05:30,37.75,38.4,37.54,38.4,650,184470
2026-01-12 10:33:00+05:30,38.5,39.0,37.35,37.35,3380,184470
2026-01-12 10:34:00+05:30,38.0,38.4,38.0,38.25,390,184080
2026-01-12 10:35:00+05:30,38.45,39.1,38.45,38.7,780,184080
2026-01-12 10:36:00+05:30,38.85,39.25,38.4,38.6,2535,184080
2026-01-12 10:37:00+05:30,38.15,38.85,38.15,38.79,1820,183625
2026-01-12 10:38:00+05:30,39.0,39.0,38.4,38.5,2145,183625
2026-01-12 10:39:00+05:30,39.1,39.1,38.85,39.04,910,183625
2026-01-12 10:40:00+05:30,39.5,39.5,37.79,37.79,975,183625
2026-01-12 10:41:00+05:30,38.4,39.0,38.35,39.0,585,183625
2026-01-12 10:42:00+05:30,39.6,39.6,39.4,39.4,1950,183625
2026-01-12 10:43:00+05:30,39.4,39.4,38.65,38.79,2210,184470
2026-01-12 10:44:00+05:30,38.79,39.7,38.79,39.45,1365,184470
2026-01-12 10:45:00+05:30,39.6,40.2,39.6,40.2,845,184470
2026-01-12 10:46:00+05:30,39.79,42.6,39.79,42.6,4030,185705
2026-01-12 10:47:00+05:30,42.0,42.0,40.79,40.79,6240,185705
2026-01-12 10:48:00+05:30,40.6,40.75,37.95,38.2,3055,185705
2026-01-12 10:49:00+05:30,38.35,39.0,38.1,38.85,1105,184925
2026-01-12 10:50:00+05:30,38.4,38.4,37.75,37.75,1690,184925
2026-01-12 10:51:00+05:30,38.04,38.4,38.04,38.29,1170,184925
2026-01-12 10:52:00+05:30,38.45,39.85,38.45,39.85,1235,186095
2026-01-12 10:53:00+05:30,39.7,40.0,39.45,39.5,1040,186095
2026-01-12 10:54:00+05:30,39.95,40.2,39.9,39.9,1625,186095
2026-01-12 10:55:00+05:30,39.79,39.85,39.79,39.85,455,186095
2026-01-12 10:56:00+05:30,39.85,40.2,39.6,40.2,1755,187525
2026-01-12 10:57:00+05:30,39.85,40.1,39.7,40.1,1105,187525
2026-01-12 10:58:00+05:30,40.35,41.5,40.15,41.5,3835,188695
2026-01-12 10:59:00+05:30,41.5,41.85,41.35,41.55,5330,188695
2026-01-12 11:00:00+05:30,42.0,42.1,41.2,41.3,4615,188695
2026-01-12 11:01:00+05:30,41.2,42.75,41.2,41.9,4225,190125
2026-01-12 11:02:00+05:30,42.15,42.15,41.75,41.95,1040,190125
2026-01-12 11:03:00+05:30,41.85,42.0,41.4,41.4,3770,190125
2026-01-12 11:04:00+05:30,41.55,41.6,41.0,41.5,2860,190450
2026-01-12 11:05:00+05:30,41.95,42.3,41.9,42.3,910,190450
2026-01-12 11:06:00+05:30,42.9,42.9,42.35,42.45,15990,190450
2026-01-12 11:07:00+05:30,42.45,42.9,42.3,42.3,2730,192985
2026-01-12 11:08:00+05:30,42.1,42.15,41.2,42.0,7800,192985
2026-01-12 11:09:00+05:30,42.25,42.75,42.25,42.75,2730,192985
2026-01-12 11:10:00+05:30,42.6,42.6,41.6,41.6,845,194090
2026-01-12 11:11:00+05:30,41.5,42.9,41.5,42.9,910,194090
2026-01-12 11:12:00+05:30,43.15,43.15,42.0,42.0,1365,194090
2026-01-12 11:13:00+05:30,42.0,42.0,42.0,42.0,0,194090
2026-01-12 11:14:00+05:30,43.45,43.75,42.85,43.4,2795,194870
2026-01-12 11:15:00+05:30,44.15,46.0,43.6,43.85,10725,194870
2026-01-12 11:16:00+05:30,44.0,44.7,43.85,44.6,3185,197470
2026-01-12 11:17:00+05:30,44.75,47.65,44.75,47.0,8580,197470
2026-01-12 11:18:00+05:30,46.15,46.25,45.25,45.75,5915,197470
2026-01-12 11:19:00+05:30,46.2,46.7,46.0,46.1,2470,197145
2026-01-12 11:20:00+05:30,46.2,46.6,45.55,46.6,3575,197145
2026-01-12 11:21:00+05:30,46.8,47.95,46.6,47.9,5655,197145
2026-01-12 11:22:00+05:30,47.7,47.7,46.8,47.15,9360,197145
2026-01-12 11:23:00+05:30,46.8,47.3,46.65,47.3,1170,198575
2026-01-12 11:24:00+05:30,47.05,47.05,46.45,46.75,4225,198575
2026-01-12 11:25:00+05:30,46.75,46.75,45.9,45.9,975,200460
2026-01-12 11:26:00+05:30,45.9,46.5,45.6,46.5,1820,200460
2026-01-12 11:27:00+05:30,46.0,46.25,45.5,46.25,910,200460
2026-01-12 11:28:00+05:30,46.2,46.2,45.95,46.05,1430,200265
2026-01-12 11:29:00+05:30,46.6,46.85,46.4,46.8,1495,200265
2026-01-12 11:30:00+05:30,47.1,49.0,46.9,47.85,5265,200265
2026-01-12 11:31:00+05:30,47.95,49.3,47.9,49.3,1885,198055
2026-01-12 11:32:00+05:30,48.65,51.8,48.45,50.4,12025,198055
2026-01-12 11:33:00+05:30,50.3,53.4,50.3,52.55,13325,198055
2026-01-12 11:34:00+05:30,52.45,54.15,52.4,53.65,39455,181740
2026-01-12 11:35:00+05:30,53.95,53.95,50.6,50.6,48815,181740
2026-01-12 11:36:00+05:30,50.0,50.35,48.8,50.0,5590,181740
2026-01-12 11:37:00+05:30,50.0,51.35,50.0,51.0,3250,175370
2026-01-12 11:38:00+05:30,51.6,52.25,51.4,51.4,4355,175370
2026-01-12 11:39:00+05:30,51.55,52.1,51.15,52.1,1950,175370
2026-01-12 11:40:00+05:30,51.65,52.2,51.4,51.6,2600,171665
2026-01-12 11:41:00+05:30,51.7,52.15,51.55,51.8,4225,171665
2026-01-12 11:42:00+05:30,52.05,52.8,52.05,52.3,4290,171665
2026-01-12 11:43:00+05:30,52.55,53.6,52.3,53.45,4355,168025
2026-01-12 11:44:00+05:30,53.6,54.6,52.8,53.35,5525,168025
2026-01-12 11:45:00+05:30,53.15,54.5,53.15,54.5,5005,168025
2026-01-12 11:46:00+05:30,54.15,54.55,51.9,52.2,3900,167700
2026-01-12 11:47:00+05:30,51.85,51.85,49.65,49.65,20930,167700
2026-01-12 11:48:00+05:30,49.65,51.65,49.65,51.65,4550,167700
2026-01-12 11:49:00+05:30,51.9,51.9,50.95,50.95,390,155220
2026-01-12 11:50:00+05:30,50.95,51.35,50.5,51.25,1950,155220
2026-01-12 11:51:00+05:30,50.7,51.85,50.7,51.85,650,155220
2026-01-12 11:52:00+05:30,51.7,52.05,51.25,51.25,2535,155740
2026-01-12 11:53:00+05:30,51.0,51.3,51.0,51.0,1495,155740
2026-01-12 11:54:00+05:30,51.0,51.65,51.0,51.4,2470,155740
2026-01-12 11:55:00+05:30,50.1,50.65,50.1,50.65,520,155740
2026-01-12 11:56:00+05:30,51.2,51.25,51.2,51.25,195,157625
2026-01-12 11:57:00+05:30,51.1,51.25,50.7,51.2,2275,157625
2026-01-12 11:58:00+05:30,50.6,50.9,50.6,50.6,715,158080
2026-01-12 11:59:00+05:30,50.5,50.9,50.45,50.55,845,158080
2026-01-12 12:00:00+05:30,50.75,51.2,50.6,50.9,2860,158080
2026-01-12 12:01:00+05:30,51.05,51.05,48.5,48.5,5265,158080
2026-01-12 12:02:00+05:30,49.05,49.2,47.5,47.6,8320,159575
2026-01-12 12:03:00+05:30,47.8,48.85,47.65,48.85,2925,159575
2026-01-12 12:04:00+05:30,48.9,49.25,48.9,49.05,1885,159575
2026-01-12 12:05:00+05:30,49.1,49.3,48.35,48.35,3185,156715
2026-01-12 12:06:00+05:30,48.3,48.85,48.3,48.85,260,156715
2026-01-12 12:07:00+05:30,48.5,48.5,46.15,46.25,2015,156715
2026-01-12 12:08:00+05:30,46.9,46.9,44.55,45.5,3510,154570
2026-01-12 12:09:00+05:30,45.2,46.0,45.2,46.0,1495,154570
2026-01-12 12:10:00+05:30,46.1,46.2,44.75,45.35,2405,154570
2026-01-12 12:11:00+05:30,45.35,47.1,45.35,46.6,1235,155025
2026-01-12 12:12:00+05:30,46.7,46.7,46.2,46.2,260,155025
2026-01-12 12:13:00+05:30,45.5,45.5,41.75,42.45,3380,155025
2026-01-12 12:14:00+05:30,42.4,42.4,35.9,35.9,11050,156130
2026-01-12 12:15:00+05:30,35.2,38.0,35.04,38.0,13390,156130
2026-01-12 12:16:00+05:30,38.5,38.95,37.25,37.75,6760,156130
2026-01-12 12:17:00+05:30,37.04,37.04,31.9,32.0,20735,154765
2026-01-12 12:18:00+05:30,32.5,34.35,32.0,33.85,25025,154765
2026-01-12 12:19:00+05:30,34.2,35.45,33.9,35.15,7020,154765
2026-01-12 12:20:00+05:30,35.2,35.2,32.75,33.0,16965,164515
2026-01-12 12:21:00+05:30,32.9,34.35,25.45,25.9,26845,164515
2026-01-12 12:22:00+05:30,25.75,30.9,24.7,30.9,10335,164515
2026-01-12 12:23:00+05:30,30.2,32.45,30.0,31.1,8255,164320
2026-01-12 12:24:00+05:30,31.25,32.5,30.7,31.75,2535,164320
2026-01-12 12:25:00+05:30,32.04,33.29,30.85,31.35,7085,164320
2026-01-12 12:26:00+05:30,32.1,32.1,30.3,30.3,3770,169455
2026-01-12 12:27:00+05:30,31.05,31.25,29.0,29.6,15145,169455
2026-01-12 12:28:00+05:30,30.45,32.35,30.45,32.1,8320,169455
2026-01-12 12:29:00+05:30,32.29,32.7,31.25,31.85,3705,171665
2026-01-12 12:30:00+05:30,31.75,31.75,30.6,30.8,8645,171665
2026-01-12 12:31:00+05:30,30.65,31.25,30.3,30.65,8970,171665
2026-01-12 12:32:00+05:30,30.45,30.55,28.1,29.4,74880,181415
2026-01-12 12:33:00+05:30,29.55,29.7,28.75,29.25,26455,181415
2026-01-12 12:34:00+05:30,29.35,30.2,29.35,29.45,5980,181415
2026-01-12 12:35:00+05:30,29.45,30.6,29.45,30.2,17550,237575
2026-01-12 12:36:00+05:30,29.7,30.1,29.5,29.5,4745,237575
2026-01-12 12:37:00+05:30,29.8,30.1,29.25,30.0,9620,237575
2026-01-12 12:38:00+05:30,30.3,31.65,30.2,31.15,9425,244790
2026-01-12 12:39:00+05:30,31.4,32.1,31.4,31.8,7735,244790
2026-01-12 12:40:00+05:30,32.0,32.0,30.95,31.0,4875,244790
2026-01-12 12:41:00+05:30,31.5,31.5,29.55,29.65,13520,244400
2026-01-12 12:42:00+05:30,29.75,29.95,25.1,25.25,14950,244400
2026-01-12 12:43:00+05:30,25.15,26.7,24.7,26.55,18005,244400
2026-01-12 12:44:00+05:30,26.6,27.6,26.45,26.8,11765,241995
2026-01-12 12:45:00+05:30,26.8,27.4,26.0,27.4,11570,241995
2026-01-12 12:46:00+05:30,27.6,28.7,27.4,28.7,17030,241995
2026-01-12 12:47:00+05:30,28.65,29.0,28.15,28.5,25155,240435
2026-01-12 12:48:00+05:30,28.3,29.25,28.3,28.45,11895,240435
2026-01-12 12:49:00+05:30,28.35,28.9,28.35,28.9,13065,240435
2026-01-12 12:50:00+05:30,28.45,28.45,27.6,27.65,6565,246870
2026-01-12 12:51:00+05:30,27.7,28.6,27.7,28.6,9165,246870
2026-01-12 12:52:00+05:30,28.5,28.5,27.6,28.0,7475,246870
2026-01-12 12:53:00+05:30,28.3,28.75,28.1,28.4,2015,242580
2026-01-12 12:54:00+05:30,28.55,28.55,27.6,27.95,4160,242580
2026-01-12 12:55:00+05:30,27.6,28.8,27.6,28.8,1235,242580
2026-01-12 12:56:00+05:30,28.7,29.0,28.25,28.5,2730,243880
2026-01-12 12:57:00+05:30,28.3,29.0,28.3,28.65,4615,243880
2026-01-12 12:58:00+05:30,28.7,28.7,28.0,28.6,8060,243880
2026-01-12 12:59:00+05:30,28.35,28.8,28.0,28.35,14820,237835
2026-01-12 13:00:00+05:30,28.35,29.2,28.1,29.2,6305,237835
2026-01-12 13:01:00+05:30,29.25,30.15,29.1,30.15,5135,237835
2026-01-12 13:02:00+05:30,29.8,31.15,29.8,31.0,19240,248625
2026-01-12 13:03:00+05:30,31.5,32.2,30.3,30.5,11635,248625
2026-01-12 13:04:00+05:30,30.4,30.55,29.8,29.8,2730,248625
2026-01-12 13:05:00+05:30,29.55,30.0,28.75,29.6,5265,244140
2026-01-12 13:06:00+05:30,29.25,29.9,29.05,29.7,6500,244140
2026-01-12 13:07:00+05:30,29.55,30.15,29.5,29.65,2795,244140
2026-01-12 13:08:00+05:30,29.8,30.15,29.0,29.0,4550,244660
2026-01-12 13:09:00+05:30,29.0,29.0,27.6,27.85,27560,244660
2026-01-12 13:10:00+05:30,28.1,28.7,27.7,28.5,10465,244660
2026-01-12 13:11:00+05:30,28.75,28.75,27.7,27.7,10010,227435
2026-01-12 13:12:00+05:30,27.9,28.0,26.95,28.0,20475,227435
2026-01-12 13:13:00+05:30,28.2,28.7,28.0,28.6,12675,227435
2026-01-12 13:14:00+05:30,28.6,29.15,27.75,27.75,5200,219635
2026-01-12 13:15:00+05:30,27.6,27.6,26.9,27.25,17940,219635
2026-01-12 13:16:00+05:30,27.3,27.3,26.6,26.9,3445,219635
2026-01-12 13:17:00+05:30,26.7,27.6,26.7,27.55,1820,213720
2026-01-12 13:18:00+05:30,27.8,28.15,27.8,28.15,1170,213720
2026-01-12 13:19:00+05:30,27.6,28.8,27.6,28.8,4095,213720
2026-01-12 13:20:00+05:30,28.55,29.2,28.35,28.75,4745,211575
2026-01-12 13:21:00+05:30,28.75,28.8,28.4,28.65,2470,211575
2026-01-12 13:22:00+05:30,28.45,28.95,28.45,28.8,2925,211575
2026-01-12 13:23:00+05:30,28.7,28.95,28.6,28.7,1235,208130
2026-01-12 13:24:00+05:30,28.8,28.9,28.6,28.65,1560,208130
2026-01-12 13:25:00+05:30,29.8,30.0,28.55,28.55,5525,208130
2026-01-12 13:26:00+05:30,28.55,29.5,28.55,28.95,3120,207090
2026-01-12 13:27:00+05:30,28.75,30.25,28.75,30.1,2925,207090
2026-01-12 13:28:00+05:30,29.9,30.35,29.55,30.1,5005,207090
2026-01-12 13:29:00+05:30,30.3,30.75,30.25,30.7,2210,206765
2026-01-12 13:30:00+05:30,30.55,30.55,28.7,28.8,5395,206765
2026-01-12 13:31:00+05:30,28.7,28.7,27.6,27.8,3770,206765
2026-01-12 13:32:00+05:30,27.4,27.6,26.25,26.25,4875,205920
2026-01-12 13:33:00+05:30,26.4,26.5,25.35,25.35,6305,205920
2026-01-12 13:34:00+05:30,25.0,25.1,24.75,24.9,4420,205920
2026-01-12 13:35:00+05:30,24.75,24.75,24.1,24.65,6955,205075
2026-01-12 13:36:00+05:30,24.45,24.45,24.0,24.3,5720,205075
2026-01-12 13:37:00+05:30,24.15,25.2,24.15,25.15,14495,205075
2026-01-12 13:38:00+05:30,25.2,26.2,25.1,26.2,2535,200720
2026-01-12 13:39:00+05:30,25.9,25.9,25.35,25.5,1170,200720
2026-01-12 13:40:00+05:30,25.4,25.4,24.5,24.55,1820,200720
2026-01-12 13:41:00+05:30,24.6,24.6,24.2,24.2,2275,200005
2026-01-12 13:42:00+05:30,24.35,25.0,24.35,24.85,1625,200005
2026-01-12 13:43:00+05:30,24.9,24.9,24.55,24.9,2080,200005
2026-01-12 13:44:00+05:30,25.05,25.3,25.05,25.3,325,199680
2026-01-12 13:45:00+05:30,25.45,25.6,24.9,24.9,1365,199680
2026-01-12 13:46:00+05:30,24.45,24.6,24.45,24.6,390,199680
2026-01-12 13:47:00+05:30,24.75,24.9,24.75,24.8,455,200200
2026-01-12 13:48:00+05:30,24.65,25.0,24.25,24.95,2730,200200
2026-01-12 13:49:00+05:30,24.9,24.9,24.9,24.9,65,200200
2026-01-12 13:50:00+05:30,25.1,25.7,25.1,25.7,2340,202150
2026-01-12 13:51:00+05:30,25.65,25.65,25.4,25.6,585,202150
2026-01-12 13:52:00+05:30,25.8,26.2,25.4,25.45,1560,202150
2026-01-12 13:53:00+05:30,25.25,25.5,25.25,25.3,975,203255
2026-01-12 13:54:00+05:30,25.75,25.75,25.0,25.0,3315,203255
2026-01-12 13:55:00+05:30,25.0,25.25,25.0,25.25,1170,203255
2026-01-12 13:56:00+05:30,25.2,25.9,25.1,25.9,325,204945
2026-01-12 13:57:00+05:30,25.65,26.45,25.65,26.1,2470,204945
2026-01-12 13:58:00+05:30,25.8,25.85,25.1,25.1,780,204945
2026-01-12 13:59:00+05:30,25.25,25.35,25.1,25.35,2990,206050
2026-01-12 14:00:00+05:30,25.5,25.95,25.5,25.95,325,206050
2026-01-12 14:01:00+05:30,25.75,26.6,25.75,26.6,520,206050
2026-01-12 14:02:00+05:30,26.8,27.4,26.5,26.5,1365,205335
2026-01-12 14:03:00+05:30,26.5,26.7,25.95,26.2,1950,205335
2026-01-12 14:04:00+05:30,26.1,26.5,26.1,26.25,1885,205335
2026-01-12 14:05:00+05:30,26.25,26.25,25.6,25.7,2860,206635
2026-01-12 14:06:00+05:30,26.0,26.5,25.85,26.05,1170,206635
2026-01-12 14:07:00+05:30,26.05,26.05,25.65,25.7,1495,206635
2026-01-12 14:08:00+05:30,25.8,26.05,25.05,25.05,3250,208390
2026-01-12 14:09:00+05:30,25.15,25.25,24.55,24.55,2535,208390
2026-01-12 14:10:00+05:30,24.55,25.05,24.25,24.9,2340,208390
2026-01-12 14:11:00+05:30,25.3,25.65,25.3,25.6,455,206310
2026-01-12 14:12:00+05:30,25.55,25.55,25.0,25.0,3575,206310
2026-01-12 14:13:00+05:30,25.3,25.7,25.1,25.3,2665,206310
2026-01-12 14:14:00+05:30,25.4,26.2,25.35,26.2,1430,206375
2026-01-12 14:15:00+05:30,26.25,26.25,25.8,25.8,195,206375
2026-01-12 14:16:00+05:30,25.8,25.8,24.6,24.95,2990,206375
2026-01-12 14:17:00+05:30,24.95,25.05,24.5,24.65,2730,207350
2026-01-12 14:18:00+05:30,24.75,25.15,24.75,25.0,780,207350
2026-01-12 14:19:00+05:30,24.95,25.65,24.95,25.65,975,207350
2026-01-12 14:20:00+05:30,25.9,26.35,25.6,25.6,2210,209300
2026-01-12 14:21:00+05:30,25.6,25.7,25.05,25.05,2535,209300
2026-01-12 14:22:00+05:30,25.0,25.0,24.25,24.3,2080,209300
2026-01-12 14:23:00+05:30,24.0,24.0,23.25,23.9,4745,209235
2026-01-12 14:24:00+05:30,23.6,23.7,23.0,23.15,2730,209235
2026-01-12 14:25:00+05:30,23.35,23.35,22.5,23.05,3900,209235
2026-01-12 14:26:00+05:30,23.2,23.95,23.2,23.9,1885,210795
2026-01-12 14:27:00+05:30,23.75,23.9,23.5,23.5,2015,210795
2026-01-12 14:28:00+05:30,23.55,23.9,23.5,23.5,5330,210795
2026-01-12 14:29:00+05:30,23.6,23.65,23.5,23.65,1040,213070
2026-01-12 14:30:00+05:30,23.5,23.65,23.35,23.55,1495,213070
2026-01-12 14:31:00+05:30,23.45,23.75,23.45,23.6,2080,213070
2026-01-12 14:32:00+05:30,23.3,23.55,23.15,23.55,1950,213720
2026-01-12 14:33:00+05:30,23.9,24.95,23.9,24.55,1950,213720
2026-01-12 14:34:00+05:30,25.0,25.7,25.0,25.6,1430,213720
2026-01-12 14:35:00+05:30,25.4,26.75,25.4,26.75,2275,216060
2026-01-12 14:36:00+05:30,26.85,27.75,26.8,27.45,2990,216060
2026-01-12 14:37:00+05:30,27.35,27.5,26.15,26.15,1300,216060
2026-01-12 14:38:00+05:30,26.25,26.25,24.8,24.95,1690,214110
2026-01-12 14:39:00+05:30,24.85,24.85,24.25,24.4,2405,214110
2026-01-12 14:40:00+05:30,24.25,24.6,24.25,24.55,2145,214110
2026-01-12 14:41:00+05:30,24.25,24.25,23.75,23.9,1560,213005
2026-01-12 14:42:00+05:30,23.55,24.4,23.55,24.35,12025,213005
2026-01-12 14:43:00+05:30,24.5,25.1,24.5,24.6,3510,213005
2026-01-12 14:44:00+05:30,24.25,24.25,23.9,24.25,3575,220155
2026-01-12 14:45:00+05:30,24.2,24.35,23.9,23.9,3185,220155
2026-01-12 14:46:00+05:30,23.95,24.05,23.55,23.55,5005,220155
2026-01-12 14:47:00+05:30,23.45,23.7,23.45,23.7,715,220155
2026-01-12 14:48:00+05:30,23.8,24.25,23.8,23.9,2535,224705
2026-01-12 14:49:00+05:30,23.9,23.95,23.65,23.65,2015,224705
2026-01-12 14:50:00+05:30,23.2,23.2,22.7,22.9,41015,239460
2026-01-12 14:51:00+05:30,22.85,22.85,22.15,22.15,6175,239460
2026-01-12 14:52:00+05:30,22.15,22.65,22.15,22.6,4680,239460
2026-01-12 14:53:00+05:30,22.35,22.35,21.25,21.25,4810,233740
2026-01-12 14:54:00+05:30,21.3,21.9,21.25,21.6,9295,233740
2026-01-12 14:55:00+05:30,21.7,21.95,21.65,21.7,3315,233740
2026-01-12 14:56:00+05:30,21.5,21.8,21.45,21.5,2730,235235
2026-01-12 14:57:00+05:30,21.45,21.45,20.14,20.14,8840,235235
2026-01-12 14:58:00+05:30,20.14,20.6,20.14,20.35,3835,235235
2026-01-12 14:59:00+05:30,20.6,20.75,20.25,20.35,22230,247780
2026-01-12 15:00:00+05:30,20.5,21.45,20.45,21.3,14365,247780
2026-01-12 15:01:00+05:30,21.35,21.35,20.7,20.7,5005,247780
2026-01-12 15:02:00+05:30,20.7,21.05,20.7,21.05,4745,247780
2026-01-12 15:03:00+05:30,20.95,21.0,20.85,20.85,3575,241150
2026-01-12 15:04:00+05:30,20.8,20.85,20.45,20.65,1690,241150
2026-01-12 15:05:00+05:30,20.65,20.75,20.3,20.6,6435,241150
2026-01-12 15:06:00+05:30,20.75,20.95,20.75,20.8,2015,239395
2026-01-12 15:07:00+05:30,20.95,21.2,20.95,21.1,4225,239395
2026-01-12 15:08:00+05:30,21.2,21.4,21.1,21.4,1885,239590
2026-01-12 15:09:00+05:30,21.6,21.6,20.95,20.95,2600,239590
2026-01-12 15:10:00+05:30,20.9,21.0,20.85,21.0,2730,239590
2026-01-12 15:11:00+05:30,20.9,21.6,20.9,21.35,3965,240045
2026-01-12 15:12:00+05:30,21.3,21.6,21.3,21.45,6110,240045
2026-01-12 15:13:00+05:30,21.6,21.6,21.05,21.25,10075,240045
2026-01-12 15:14:00+05:30,21.35,21.4,21.2,21.2,910,240045
2026-01-12 15:15:00+05:30,21.3,21.4,21.0,21.4,9100,239135
2026-01-12 15:16:00+05:30,21.45,21.7,21.45,21.65,11570,239135
2026-01-12 15:17:00+05:30,21.35,21.45,20.85,21.45,14040,239135
2026-01-12 15:18:00+05:30,21.3,21.45,21.3,21.4,4420,241865
2026-01-12 15:19:00+05:30,21.35,21.45,21.3,21.45,2080,241865
2026-01-12 15:20:00+05:30,21.5,21.75,21.4,21.6,9425,241865
2026-01-12 15:21:00+05:30,21.65,21.8,21.55,21.8,6630,241605
2026-01-12 15:22:00+05:30,21.8,21.95,21.55,21.95,5785,241605
2026-01-12 15:23:00+05:30,22.0,22.0,21.65,21.8,4615,241605
2026-01-12 15:24:00+05:30,21.9,21.9,21.5,21.5,14170,245960
2026-01-12 15:25:00+05:30,21.5,21.8,21.5,21.75,13390,245960
2026-01-12 15:26:00+05:30,21.65,21.75,20.8,20.8,11895,245960
2026-01-12 15:27:00+05:30,20.75,21.4,20.75,21.4,7085,240500
2026-01-12 15:28:00+05:30,21.45,21.7,21.45,21.55,8060,240500
2026-01-12 15:29:00+05:30,21.55,21.65,20.65,20.65,10660,240500
2026-01-13 09:15:00+05:30,17.95,17.95,14.4,14.85,18785,240760
2026-01-13 09:16:00+05:30,15.2,15.35,14.65,14.85,31395,243230
2026-01-13 09:17:00+05:30,15.0,15.0,14.5,14.75,12740,243230
2026-01-13 09:18:00+05:30,14.9,15.7,14.9,15.6,10595,243230
2026-01-13 09:19:00+05:30,15.55,16.0,15.5,15.9,17160,240565
2026-01-13 09:20:00+05:30,16.5,17.3,16.5,17.2,19695,240565
2026-01-13 09:21:00+05:30,17.0,17.45,16.64,17.14,23335,240565
2026-01-13 09:22:00+05:30,17.0,17.0,16.5,16.55,3185,247845
2026-01-13 09:23:00+05:30,16.35,16.35,15.65,16.2,14170,247845
2026-01-13 09:24:00+05:30,16.35,16.6,16.0,16.35,11245,247845
2026-01-13 09:25:00+05:30,16.45,17.5,16.25,17.39,3250,243750
2026-01-13 09:26:00+05:30,17.55,18.14,17.2,18.14,2405,243750
2026-01-13 09:27:00+05:30,18.2,20.6,18.2,20.1,11245,243750
2026-01-13 09:28:00+05:30,19.75,22.1,19.75,22.1,17225,244530
2026-01-13 09:29:00+05:30,22.1,23.1,21.8,23.05,8710,244530
2026-01-13 09:30:00+05:30,23.15,23.2,21.95,22.35,6760,244530
2026-01-13 09:31:00+05:30,22.45,22.75,20.6,21.45,6045,244920
2026-01-13 09:32:00+05:30,21.75,24.0,21.75,24.0,18200,244920
2026-01-13 09:33:00+05:30,24.45,25.05,23.75,24.7,11635,244920
2026-01-13 09:34:00+05:30,24.55,24.95,23.4,23.6,8645,243165
2026-01-13 09:35:00+05:30,23.15,24.8,23.0,24.8,8385,243165
2026-01-13 09:36:00+05:30,24.55,25.5,24.55,24.8,7735,243165
2026-01-13 09:37:00+05:30,25.0,25.4,24.65,24.65,6955,246155
2026-01-13 09:38:00+05:30,24.7,24.95,24.4,24.7,14235,246155
2026-01-13 09:39:00+05:30,24.65,24.8,23.9,23.95,12740,246155
2026-01-13 09:40:00+05:30,23.8,25.25,23.8,24.35,8840,254215
2026-01-13 09:41:00+05:30,24.45,25.65,24.45,25.65,15860,254215
2026-01-13 09:42:00+05:30,25.8,25.95,25.4,25.75,2795,254215
2026-01-13 09:43:00+05:30,25.5,25.95,24.55,25.1,11245,254345
2026-01-13 09:44:00+05:30,25.3,25.4,23.6,23.6,4160,254345
2026-01-13 09:45:00+05:30,23.0,23.0,20.2,20.25,14430,254345
2026-01-13 09:46:00+05:30,20.05,20.05,18.45,19.2,58240,278655
2026-01-13 09:47:00+05:30,19.2,20.55,19.14,20.5,7215,278655
2026-01-13 09:48:00+05:30,20.45,21.85,19.75,21.85,7345,278655
2026-01-13 09:49:00+05:30,22.45,23.1,21.55,22.3,10075,265200
2026-01-13 09:50:00+05:30,22.35,23.25,21.45,21.55,10790,265200
2026-01-13 09:51:00+05:30,21.25,21.7,20.65,20.65,9425,265200
2026-01-13 09:52:00+05:30,20.45,21.3,20.3,21.2,8320,266760
2026-01-13 09:53:00+05:30,21.1,21.45,20.65,21.1,2925,266760
2026-01-13 09:54:00+05:30,21.45,22.95,21.45,22.3,10790,266760
2026-01-13 09:55:00+05:30,22.45,23.8,22.35,23.65,3835,270335
2026-01-13 09:56:00+05:30,24.3,26.5,23.85,26.3,8060,270335
2026-01-13 09:57:00+05:30,25.0,26.05,25.0,25.0,11570,270335
2026-01-13 09:58:00+05:30,24.5,25.55,24.35,25.05,19955,289835
2026-01-13 09:59:00+05:30,24.95,25.45,24.7,25.4,19760,289835
2026-01-13 10:00:00+05:30,25.35,25.8,24.35,24.5,8905,289835
2026-01-13 10:01:00+05:30,23.9,24.4,22.9,22.95,5980,274560
2026-01-13 10:02:00+05:30,23.3,23.3,22.35,22.7,1560,274560
2026-01-13 10:03:00+05:30,23.0,23.25,22.55,22.9,8970,274560
2026-01-13 10:04:00+05:30,22.85,22.85,21.5,22.15,10530,268450
2026-01-13 10:05:00+05:30,22.2,23.25,21.55,22.4,5850,268450
2026-01-13 10:06:00+05:30,22.6,23.25,22.5,23.0,1560,268450
2026-01-13 10:07:00+05:30,22.75,23.45,22.5,22.95,4290,267735
2026-01-13 10:08:00+05:30,22.55,22.6,21.6,21.6,8775,267735
2026-01-13 10:09:00+05:30,21.55,22.0,20.85,21.75,12285,267735
2026-01-13 10:10:00+05:30,22.0,22.15,21.0,21.9,3770,262210
2026-01-13 10:11:00+05:30,22.25,22.65,21.55,21.9,4485,262210
2026-01-13 10:12:00+05:30,21.9,21.95,21.45,21.45,2470,262210
2026-01-13 10:13:00+05:30,21.15,22.4,21.15,22.25,2795,262015
2026-01-13 10:14:00+05:30,22.25,23.1,21.95,22.95,5460,262015
2026-01-13 10:15:00+05:30,22.9,23.55,21.5,21.5,8580,262015
2026-01-13 10:16:00+05:30,21.35,22.9,21.35,22.45,6110,267280
2026-01-13 10:17:00+05:30,22.6,22.9,22.5,22.9,1560,267280
2026-01-13 10:18:00+05:30,22.55,23.0,22.45,22.8,6175,267280
2026-01-13 10:19:00+05:30,22.4,22.7,21.85,22.35,3380,265850
2026-01-13 10:20:00+05:30,22.45,22.5,20.65,20.65,7280,265850
2026-01-13 10:21:00+05:30,20.85,20.95,19.89,20.3,8125,265850
2026-01-13 10:22:00+05:30,20.35,20.7,20.14,20.39,12155,274430
2026-01-13 10:23:00+05:30,20.39,20.39,19.7,20.0,8385,274430
2026-01-13 10:24:00+05:30,20.14,21.0,20.14,21.0,2730,274430
2026-01-13 10:25:00+05:30,20.95,21.15,20.35,20.35,9100,281255
2026-01-13 10:26:00+05:30,20.1,20.1,19.2,19.35,7085,281255
2026-01-13 10:27:00+05:30,19.25,19.25,18.39,18.95,9035,281255
2026-01-13 10:28:00+05:30,19.14,19.3,18.05,18.14,9230,282360
2026-01-13 10:29:00+05:30,17.8,18.14,17.75,18.1,7735,282360
2026-01-13 10:30:00+05:30,18.0,18.2,17.6,17.75,10725,282360
2026-01-13 10:31:00+05:30,17.8,17.85,16.95,17.2,7670,281255
2026-01-13 10:32:00+05:30,16.89,17.35,16.8,16.8,21580,281255
2026-01-13 10:33:00+05:30,16.85,17.0,16.75,16.75,8515,281255
2026-01-13 10:34:00+05:30,17.0,18.1,17.0,18.1,8710,296725
2026-01-13 10:35:00+05:30,18.1,19.7,17.95,19.45,25025,296725
2026-01-13 10:36:00+05:30,19.95,20.9,19.2,19.39,12025,296725
2026-01-13 10:37:00+05:30,19.5,19.5,18.6,19.05,17810,284245
2026-01-13 10:38:00+05:30,19.0,19.6,19.0,19.5,5330,284245
2026-01-13 10:39:00+05:30,19.55,20.45,19.45,20.05,13065,284245
2026-01-13 10:40:00+05:30,20.3,20.55,20.1,20.14,4875,288925
2026-01-13 10:41:00+05:30,20.25,21.0,20.05,20.8,11700,288925
2026-01-13 10:42:00+05:30,20.95,21.25,20.35,21.2,3445,288925
2026-01-13 10:43:00+05:30,21.3,21.5,21.0,21.5,29965,279565
2026-01-13 10:44:00+05:30,21.6,21.85,20.39,20.39,4030,279565
2026-01-13 10:45:00+05:30,20.55,20.7,20.05,20.39,1365,279565
2026-01-13 10:46:00+05:30,20.95,20.95,20.1,20.2,5915,279760
2026-01-13 10:47:00+05:30,20.3,20.55,20.1,20.3,3640,279760
2026-01-13 10:48:00+05:30,19.7,20.25,19.7,20.25,1495,279760
2026-01-13 10:49:00+05:30,20.25,20.25,18.64,19.0,2145,280345
2026-01-13 10:50:00+05:30,19.05,19.05,17.35,17.35,5330,280345
2026-01-13 10:51:00+05:30,17.39,18.0,17.39,17.8,1560,280345
2026-01-13 10:52:00+05:30,17.35,17.55,17.05,17.35,14105,282165
2026-01-13 10:53:00+05:30,17.25,17.5,16.89,17.1,4940,282165
2026-01-13 10:54:00+05:30,17.05,18.64,16.95,18.3,20670,282165
2026-01-13 10:55:00+05:30,18.3,19.05,18.1,18.55,5200,293670
2026-01-13 10:56:00+05:30,18.55,19.0,18.55,18.75,14820,293670
2026-01-13 10:57:00+05:30,18.8,18.8,17.85,17.85,6305,293670
2026-01-13 10:58:00+05:30,18.14,18.14,17.39,17.7,3055,295555
2026-01-13 10:59:00+05:30,18.05,18.14,17.64,18.0,3770,295555
2026-01-13 11:00:00+05:30,17.89,17.89,17.3,17.5,6955,295555
2026-01-13 11:01:00+05:30,17.05,17.95,17.05,17.95,6435,294710
2026-01-13 11:02:00+05:30,17.89,18.45,17.89,18.39,3835,294710
2026-01-13 11:03:00+05:30,18.7,18.7,18.14,18.35,2925,294710
2026-01-13 11:04:00+05:30,18.0,18.1,17.55,17.64,2015,295035
2026-01-13 11:05:00+05:30,17.6,18.14,17.6,18.1,910,295035
2026-01-13 11:06:00+05:30,18.2,18.25,17.64,18.0,2210,295035
2026-01-13 11:07:00+05:30,17.8,18.3,17.8,18.3,4095,295360
2026-01-13 11:08:00+05:30,18.14,18.5,17.75,17.85,5590,295360
2026-01-13 11:09:00+05:30,17.55,17.6,17.3,17.35,1625,295360
2026-01-13 11:10:00+05:30,17.64,17.85,17.39,17.7,1170,296205
2026-01-13 11:11:00+05:30,17.55,17.64,17.0,17.0,7280,296205
2026-01-13 11:12:00+05:30,17.1,17.3,17.0,17.3,2405,296205
2026-01-13 11:13:00+05:30,17.3,18.0,17.1,17.85,4745,297180
2026-01-13 11:14:00+05:30,17.85,17.85,17.05,17.1,6240,297180
2026-01-13 11:15:00+05:30,17.14,17.55,17.0,17.0,15080,297180
2026-01-13 11:16:00+05:30,17.0,17.2,16.64,17.0,15470,304525
2026-01-13 11:17:00+05:30,17.0,17.1,16.7,17.0,7345,304525
2026-01-13 11:18:00+05:30,17.05,17.14,16.55,16.55,2535,304525
2026-01-13 11:19:00+05:30,16.39,16.55,16.35,16.55,2210,304525
2026-01-13 11:20:00+05:30,16.6,17.0,16.6,16.7,3770,307385
2026-01-13 11:21:00+05:30,16.6,16.6,16.0,16.25,2665,307385
2026-01-13 11:22:00+05:30,16.5,16.8,16.5,16.55,520,306410
2026-01-13 11:23:00+05:30,16.55,16.7,16.39,16.6,2535,306410
2026-01-13 11:24:00+05:30,16.64,16.8,16.5,16.7,4485,306410
2026-01-13 11:25:00+05:30,16.64,16.64,16.35,16.45,5720,309335
2026-01-13 11:26:00+05:30,16.39,16.39,16.05,16.2,7280,309335
2026-01-13 11:27:00+05:30,16.35,16.45,15.9,15.95,3770,309335
2026-01-13 11:28:00+05:30,15.9,15.9,15.15,15.2,8320,307060
2026-01-13 11:29:00+05:30,15.05,15.55,14.95,15.55,3185,307060
2026-01-13 11:30:00+05:30,15.65,15.7,15.35,15.35,3055,307060
2026-01-13 11:31:00+05:30,15.35,15.45,15.3,15.3,3900,307060
2026-01-13 11:32:00+05:30,15.3,15.4,14.7,14.7,12285,307320
2026-01-13 11:33:00+05:30,14.75,14.8,14.55,14.6,9945,307320
2026-01-13 11:34:00+05:30,14.7,14.9,14.6,14.85,16835,307320
2026-01-13 11:35:00+05:30,14.8,14.8,14.4,14.5,3575,312130
2026-01-13 11:36:00+05:30,14.5,14.7,14.25,14.4,5785,312130
2026-01-13 11:37:00+05:30,14.3,14.65,14.3,14.65,4810,312130
2026-01-13 11:38:00+05:30,14.7,14.7,14.5,14.55,10660,308425
2026-01-13 11:39:00+05:30,14.5,14.7,14.5,14.7,5200,308425
2026-01-13 11:40:00+05:30,14.6,14.6,14.35,14.35,3250,308425
2026-01-13 11:41:00+05:30,14.3,14.45,14.05,14.4,5655,302510
2026-01-13 11:42:00+05:30,14.45,14.75,14.45,14.75,4615,302510
2026-01-13 11:43:00+05:30,14.75,15.1,14.75,15.0,3510,302510
2026-01-13 11:44:00+05:30,15.05,15.45,15.05,15.3,3640,299390
2026-01-13 11:45:00+05:30,15.3,15.6,15.3,15.55,4940,299390
2026-01-13 11:46:00+05:30,15.65,15.65,15.2,15.3,1300,299390
2026-01-13 11:47:00+05:30,15.3,15.65,15.3,15.35,2535,302900
2026-01-13 11:48:00+05:30,15.4,15.6,15.3,15.4,3510,302900
2026-01-13 11:49:00+05:30,15.35,15.5,15.2,15.3,2080,302900
2026-01-13 11:50:00+05:30,15.4,15.4,15.2,15.2,3185,305045
2026-01-13 11:51:00+05:30,15.3,15.5,15.2,15.3,6565,305045
2026-01-13 11:52:00+05:30,15.25,15.55,15.15,15.55,455,305045
2026-01-13 11:53:00+05:30,15.65,16.89,15.65,16.39,16770,304850
2026-01-13 11:54:00+05:30,16.7,16.89,16.3,16.55,4355,304850
2026-01-13 11:55:00+05:30,16.55,16.95,16.14,16.95,9555,304850
2026-01-13 11:56:00+05:30,17.05,17.05,15.35,15.6,19240,302705
2026-01-13 11:57:00+05:30,15.8,16.05,15.35,16.05,8775,302705
2026-01-13 11:58:00+05:30,16.0,16.2,15.8,16.2,2925,302705
2026-01-13 11:59:00+05:30,16.45,17.05,16.45,17.05,15405,314860
2026-01-13 12:00:00+05:30,17.14,17.89,17.1,17.6,15405,314860
2026-01-13 12:01:00+05:30,17.8,18.14,17.55,17.7,9555,314860
2026-01-13 12:02:00+05:30,17.7,17.75,17.25,17.35,18655,312715
2026-01-13 12:03:00+05:30,17.39,17.55,17.25,17.55,6565,312715
2026-01-13 12:04:00+05:30,17.7,17.7,17.25,17.3,10270,312715
2026-01-13 12:05:00+05:30,17.3,18.3,17.2,18.2,5720,324805
2026-01-13 12:06:00+05:30,18.5,18.5,18.1,18.2,4940,324805
2026-01-13 12:07:00+05:30,18.14,18.3,17.85,17.85,7345,324805
2026-01-13 12:08:00+05:30,17.85,18.1,17.85,18.1,650,325325
2026-01-13 12:09:00+05:30,18.1,18.1,17.3,17.3,4810,325325
2026-01-13 12:10:00+05:30,17.3,17.95,16.95,17.95,585,325325
2026-01-13 12:11:00+05:30,17.95,18.75,17.89,18.25,5525,327665
2026-01-13 12:12:00+05:30,18.45,18.55,18.0,18.35,7345,327665
2026-01-13 12:13:00+05:30,18.14,18.55,18.14,18.35,1170,327665
2026-01-13 12:14:00+05:30,18.3,20.05,18.3,19.95,8710,329160
2026-01-13 12:15:00+05:30,20.05,20.75,18.55,18.85,11570,329160
2026-01-13 12:16:00+05:30,18.8,19.2,18.1,18.25,11050,329160
2026-01-13 12:17:00+05:30,18.45,18.89,18.45,18.7,6175,328510
2026-01-13 12:18:00+05:30,18.75,18.75,18.3,18.3,1690,328510
2026-01-13 12:19:00+05:30,18.25,18.3,17.89,18.1,2340,328510
2026-01-13 12:20:00+05:30,18.0,18.55,18.0,18.55,2665,331240
2026-01-13 12:21:00+05:30,18.7,18.85,18.3,18.39,22230,331240
2026-01-13 12:22:00+05:30,18.45,18.55,18.2,18.35,2275,331240
2026-01-13 12:23:00+05:30,18.6,19.14,18.6,19.14,8255,343460
2026-01-13 12:24:00+05:30,19.3,20.0,19.3,19.75,3445,343460
2026-01-13 12:25:00+05:30,19.7,19.7,19.3,19.3,1885,343460
2026-01-13 12:26:00+05:30,19.0,19.5,18.7,19.05,6045,346060
2026-01-13 12:27:00+05:30,19.25,19.45,18.64,18.64,2015,346060
2026-01-13 12:28:00+05:30,18.3,18.55,18.25,18.3,1365,346060
2026-01-13 12:29:00+05:30,18.3,18.3,17.35,17.35,4485,345150
2026-01-13 12:30:00+05:30,17.39,18.5,17.39,18.39,11635,345150
2026-01-13 12:31:00+05:30,18.64,19.2,18.64,19.2,3315,345150
2026-01-13 12:32:00+05:30,19.14,19.35,18.95,19.0,3250,341250
2026-01-13 12:33:00+05:30,19.0,19.25,19.0,19.25,195,341250
2026-01-13 12:34:00+05:30,19.35,19.75,19.2,19.5,5395,341250
2026-01-13 12:35:00+05:30,19.3,19.3,19.0,19.0,2795,339430
2026-01-13 12:36:00+05:30,18.35,18.35,18.25,18.25,585,339430
2026-01-13 12:37:00+05:30,17.95,18.39,17.89,18.39,1040,339430
2026-01-13 12:38:00+05:30,18.64,18.95,18.64,18.85,1300,340080
2026-01-13 12:39:00+05:30,18.64,18.85,18.5,18.85,3055,340080
2026-01-13 12:40:00+05:30,18.8,19.39,18.8,19.39,2860,340080
2026-01-13 12:41:00+05:30,19.5,21.0,19.39,20.6,9490,343200
2026-01-13 12:42:00+05:30,20.85,21.1,20.7,21.0,7800,343200
2026-01-13 12:43:00+05:30,21.1,21.15,19.55,19.55,8905,343200
2026-01-13 12:44:00+05:30,18.64,19.64,18.64,19.64,4810,343200
2026-01-13 12:45:00+05:30,19.85,20.45,19.8,20.2,2145,343200
2026-01-13 12:46:00+05:30,20.45,21.3,20.3,21.05,5460,343200
2026-01-13 12:47:00+05:30,21.1,21.25,20.85,21.05,3835,342485
2026-01-13 12:48:00+05:30,21.3,21.8,21.25,21.65,7475,342485
2026-01-13 12:49:00+05:30,21.95,22.8,21.95,22.5,19890,342485
2026-01-13 12:50:00+05:30,22.55,24.4,22.4,24.4,15730,334750
2026-01-13 12:51:00+05:30,24.65,24.65,22.85,23.15,29380,334750
2026-01-13 12:52:00+05:30,23.2,23.8,23.2,23.3,12025,334750
2026-01-13 12:53:00+05:30,23.65,25.15,23.65,25.15,10140,341575
2026-01-13 12:54:00+05:30,25.05,25.55,24.35,24.35,18070,341575
2026-01-13 12:55:00+05:30,24.25,25.5,24.0,25.5,4030,341575
2026-01-13 12:56:00+05:30,25.5,25.7,25.2,25.65,7215,344825
2026-01-13 12:57:00+05:30,25.85,25.85,24.6,24.65,12805,344825
2026-01-13 12:58:00+05:30,24.7,24.9,23.9,24.5,3380,344825
2026-01-13 12:59:00+05:30,24.6,25.65,24.5,25.65,75075,358865
2026-01-13 13:00:00+05:30,25.85,26.7,25.65,25.65,27105,358865
2026-01-13 13:01:00+05:30,25.6,27.0,25.6,26.2,120120,358865
2026-01-13 13:02:00+05:30,26.2,27.5,25.8,26.1,41080,422955
2026-01-13 13:03:00+05:30,26.35,26.4,25.35,25.35,71955,422955
2026-01-13 13:04:00+05:30,25.25,25.65,24.65,25.65,30940,422955
2026-01-13 13:05:00+05:30,25.6,26.05,24.9,25.65,54340,514930
2026-01-13 13:06:00+05:30,25.55,26.4,25.55,25.95,69355,514930
2026-01-13 13:07:00+05:30,26.05,26.05,25.35,25.55,38870,514930
2026-01-13 13:08:00+05:30,25.5,25.9,25.1,25.6,5590,614380
2026-01-13 13:09:00+05:30,25.65,25.7,25.0,25.1,8320,614380
2026-01-13 13:10:00+05:30,25.2,25.2,22.45,22.45,13845,614380
2026-01-13 13:11:00+05:30,22.25,23.3,22.25,23.3,22100,608855
2026-01-13 13:12:00+05:30,23.25,23.3,22.85,23.2,3120,608855
2026-01-13 13:13:00+05:30,23.35,24.15,23.2,24.15,4485,608855
2026-01-13 13:14:00+05:30,24.25,24.6,23.6,24.2,4615,611130
2026-01-13 13:15:00+05:30,24.1,25.0,23.55,25.0,3705,611130
2026-01-13 13:16:00+05:30,24.85,26.35,24.8,25.65,14040,611130
2026-01-13 13:17:00+05:30,25.9,26.05,25.3,26.0,1755,615615
2026-01-13 13:18:00+05:30,26.15,26.15,25.5,26.0,3445,615615
2026-01-13 13:19:00+05:30,25.65,25.65,24.95,24.95,7605,615615
2026-01-13 13:20:00+05:30,25.1,25.8,24.9,24.95,3705,620295
2026-01-13 13:21:00+05:30,25.0,25.0,23.3,23.55,7735,620295
2026-01-13 13:22:00+05:30,23.7,24.55,23.7,24.55,10010,620295
2026-01-13 13:23:00+05:30,24.55,24.55,23.25,23.25,3770,617760
2026-01-13 13:24:00+05:30,23.35,23.85,23.3,23.6,4160,617760
2026-01-13 13:25:00+05:30,23.75,24.8,23.75,24.8,4680,617760
2026-01-13 13:26:00+05:30,24.55,24.55,23.2,23.2,6370,620035
2026-01-13 13:27:00+05:30,23.5,23.6,23.0,23.3,2665,620035
2026-01-13 13:28:00+05:30,23.4,24.25,23.4,24.25,4030,620035
2026-01-13 13:29:00+05:30,24.1,24.75,23.9,24.75,4420,621530
2026-01-13 13:30:00+05:30,24.8,25.2,23.9,23.9,3900,621530
2026-01-13 13:31:00+05:30,23.9,24.25,23.65,23.65,3120,621530
2026-01-13 13:32:00+05:30,24.2,24.7,23.9,23.9,1495,622505
2026-01-13 13:33:00+05:30,24.35,25.1,24.35,25.1,2665,622505
2026-01-13 13:34:00+05:30,25.0,25.0,23.35,23.35,6890,622505
2026-01-13 13:35:00+05:30,23.65,24.05,22.35,22.5,25285,623350
2026-01-13 13:36:00+05:30,22.7,22.7,21.9,22.45,25220,623350
2026-01-13 13:37:00+05:30,22.15,23.4,22.0,23.0,8450,623350
2026-01-13 13:38:00+05:30,22.5,22.55,22.2,22.2,455,635505
2026-01-13 13:39:00+05:30,22.4,22.8,22.4,22.5,6565,635505
2026-01-13 13:40:00+05:30,22.55,22.9,22.0,22.9,9620,635505
2026-01-13 13:41:00+05:30,23.0,24.35,23.0,24.05,5785,635115
2026-01-13 13:42:00+05:30,23.9,24.0,22.4,22.4,13650,635115
2026-01-13 13:43:00+05:30,22.4,22.6,21.9,22.45,9685,635115
2026-01-13 13:44:00+05:30,22.2,22.2,21.2,21.45,11570,643110
2026-01-13 13:45:00+05:30,21.45,22.0,21.45,22.0,4875,643110
2026-01-13 13:46:00+05:30,21.95,22.05,21.75,21.9,8840,643110
2026-01-13 13:47:00+05:30,21.9,22.15,21.8,21.9,7345,650845
2026-01-13 13:48:00+05:30,21.9,22.35,21.9,22.35,8320,650845
2026-01-13 13:49:00+05:30,22.35,22.35,21.9,22.2,3120,650845
2026-01-13 13:50:00+05:30,22.25,22.4,21.15,21.8,7475,650130
2026-01-13 13:51:00+05:30,21.45,21.45,19.89,20.85,19370,650130
2026-01-13 13:52:00+05:30,20.75,21.25,20.0,20.1,14690,650130
2026-01-13 13:53:00+05:30,19.89,20.9,19.89,20.9,8515,663780
2026-01-13 13:54:00+05:30,20.8,21.1,20.65,20.85,1885,663780
2026-01-13 13:55:00+05:30,21.2,22.05,21.2,21.6,4940,663780
2026-01-13 13:56:00+05:30,21.75,22.0,21.1,22.0,12415,664300
2026-01-13 13:57:00+05:30,21.95,22.3,21.8,22.3,10920,664300
2026-01-13 13:58:00+05:30,22.05,22.65,22.05,22.5,7475,664300
2026-01-13 13:59:00+05:30,22.65,22.85,22.25,22.25,7085,686400
2026-01-13 14:00:00+05:30,22.5,23.6,22.5,23.25,10140,686400
2026-01-13 14:01:00+05:30,22.95,22.95,22.15,22.9,10140,686400
2026-01-13 14:02:00+05:30,23.25,23.8,22.9,23.8,9295,692380
2026-01-13 14:03:00+05:30,23.95,24.35,23.65,23.85,7995,692380
2026-01-13 14:04:00+05:30,23.8,24.2,23.55,24.2,2730,692380
2026-01-13 14:05:00+05:30,24.15,24.4,23.95,24.35,14235,699270
2026-01-13 14:06:00+05:30,24.55,25.25,24.55,24.95,7280,699270
2026-01-13 14:07:00+05:30,24.85,24.85,24.25,24.75,4485,699270
2026-01-13 14:08:00+05:30,24.65,24.65,24.2,24.35,1625,702910
2026-01-13 14:09:00+05:30,24.45,24.45,24.0,24.25,14300,702910
2026-01-13 14:10:00+05:30,24.0,24.6,24.0,24.6,4355,702910
2026-01-13 14:11:00+05:30,24.7,25.3,24.7,25.0,10465,697320
2026-01-13 14:12:00+05:30,25.2,26.0,25.2,25.25,30550,697320
2026-01-13 14:13:00+05:30,25.3,25.3,24.05,24.85,19500,697320
2026-01-13 14:14:00+05:30,24.9,24.9,24.05,24.35,7865,693290
2026-01-13 14:15:00+05:30,24.4,25.3,24.4,25.0,7475,693290
2026-01-13 14:16:00+05:30,24.85,25.25,24.65,24.85,18005,693290
2026-01-13 14:17:00+05:30,24.9,24.9,24.1,24.1,7020,709410
2026-01-13 14:18:00+05:30,24.45,24.45,23.2,23.5,25090,709410
2026-01-13 14:19:00+05:30,23.25,23.65,22.4,23.6,8580,709410
2026-01-13 14:20:00+05:30,23.8,24.8,23.8,24.65,4290,709410
2026-01-13 14:21:00+05:30,24.95,25.2,24.85,25.0,4745,718640
2026-01-13 14:22:00+05:30,25.1,25.35,24.9,24.95,2275,718640
2026-01-13 14:23:00+05:30,25.2,25.35,24.25,24.35,5850,718120
2026-01-13 14:24:00+05:30,24.3,25.55,24.3,25.5,6825,718120
2026-01-13 14:25:00+05:30,25.8,25.95,25.2,25.2,8060,718120
2026-01-13 14:26:00+05:30,25.15,25.15,24.3,24.55,4745,718120
2026-01-13 14:27:00+05:30,24.7,25.1,24.7,24.95,3185,718380
2026-01-13 14:28:00+05:30,25.0,25.35,24.9,25.3,1430,718380
2026-01-13 14:29:00+05:30,25.4,25.55,25.15,25.35,5720,718445
2026-01-13 14:30:00+05:30,25.35,26.25,24.1,24.1,10075,718445
2026-01-13 14:31:00+05:30,23.35,23.35,19.3,20.35,42900,718445
2026-01-13 14:32:00+05:30,20.39,22.5,20.39,22.5,16120,720525
2026-01-13 14:33:00+05:30,22.5,23.05,22.2,22.5,11895,720525
2026-01-13 14:34:00+05:30,22.35,22.65,21.85,21.95,6110,720525
2026-01-13 14:35:00+05:30,21.9,22.5,21.4,21.7,5200,720525
2026-01-13 14:36:00+05:30,21.6,21.65,20.14,20.14,23270,720395
2026-01-13 14:37:00+05:30,20.05,20.39,18.6,18.75,10010,720395
2026-01-13 14:38:00+05:30,18.8,19.55,18.75,19.45,15535,721305
2026-01-13 14:39:00+05:30,19.14,19.39,19.14,19.39,2275,721305
2026-01-13 14:40:00+05:30,19.5,19.5,18.95,19.0,5655,721305
2026-01-13 14:41:00+05:30,18.45,18.45,17.3,17.7,20995,728650
2026-01-13 14:42:00+05:30,17.7,17.7,16.95,17.0,11895,728650
2026-01-13 14:43:00+05:30,16.95,17.14,16.85,17.1,8255,728650
2026-01-13 14:44:00+05:30,17.1,17.64,17.05,17.39,14820,724295
2026-01-13 14:45:00+05:30,17.3,17.64,17.25,17.39,6695,724295
2026-01-13 14:46:00+05:30,17.39,17.6,17.05,17.2,4615,724295
2026-01-13 14:47:00+05:30,17.14,17.14,15.75,16.7,22360,724295
2026-01-13 14:48:00+05:30,16.89,17.25,16.89,16.95,13520,728585
2026-01-13 14:49:00+05:30,17.05,17.45,16.95,17.3,5590,728585
2026-01-13 14:50:00+05:30,17.3,17.5,17.1,17.39,12740,743860
2026-01-13 14:51:00+05:30,17.3,17.6,17.3,17.39,3575,743860
2026-01-13 14:52:00+05:30,17.25,17.25,16.1,16.2,11700,743860
2026-01-13 14:53:00+05:30,16.0,16.0,15.15,15.7,9295,743860
2026-01-13 14:54:00+05:30,15.55,15.55,14.8,15.3,9880,743080
2026-01-13 14:55:00+05:30,15.15,15.6,14.95,15.5,11310,743080
2026-01-13 14:56:00+05:30,15.7,15.7,15.05,15.35,8320,743080
2026-01-13 14:57:00+05:30,15.3,15.85,15.3,15.7,3250,743860
2026-01-13 14:58:00+05:30,15.65,16.85,15.65,16.55,11700,743860
2026-01-13 14:59:00+05:30,16.75,16.75,15.35,15.45,10205,743860
2026-01-13 15:00:00+05:30,15.35,15.35,13.5,13.5,19175,744640
2026-01-13 15:01:00+05:30,13.3,13.7,13.15,13.7,14690,744640
2026-01-13 15:02:00+05:30,13.55,14.35,13.55,14.25,7735,744640
2026-01-13 15:03:00+05:30,14.2,14.65,14.1,14.45,16835,749385
2026-01-13 15:04:00+05:30,14.45,15.5,14.45,15.5,9945,749385
2026-01-13 15:05:00+05:30,15.3,15.35,15.0,15.35,8515,749385
2026-01-13 15:06:00+05:30,15.15,15.15,14.4,14.5,30550,754260
2026-01-13 15:07:00+05:30,14.45,14.5,14.0,14.4,20150,754260
2026-01-13 15:08:00+05:30,14.5,14.8,14.3,14.8,11245,754260
2026-01-13 15:09:00+05:30,14.8,14.95,14.5,14.5,5655,785200
2026-01-13 15:10:00+05:30,14.5,14.5,14.15,14.4,6370,785200
2026-01-13 15:11:00+05:30,14.45,14.45,14.15,14.4,6890,785200
2026-01-13 15:12:00+05:30,14.5,14.6,14.15,14.2,22555,788320
2026-01-13 15:13:00+05:30,14.25,14.35,13.75,13.85,28015,788320
2026-01-13 15:14:00+05:30,13.8,14.25,13.8,14.15,10855,788320
2026-01-13 15:15:00+05:30,14.05,14.5,14.0,14.5,17225,776815
2026-01-13 15:16:00+05:30,14.55,14.9,14.55,14.9,31655,776815
2026-01-13 15:17:00+05:30,14.85,14.95,14.65,14.65,51935,776815
2026-01-13 15:18:00+05:30,14.7,14.85,14.6,14.6,42315,801515
2026-01-13 15:19:00+05:30,14.65,14.7,14.55,14.6,20475,801515
2026-01-13 15:20:00+05:30,14.7,14.75,14.55,14.7,31655,801515
2026-01-13 15:21:00+05:30,14.7,14.9,14.6,14.8,36465,862420
2026-01-13 15:22:00+05:30,14.85,15.0,14.65,14.7,41080,862420
2026-01-13 15:23:00+05:30,14.7,14.9,14.55,14.7,53365,862420
2026-01-13 15:24:00+05:30,14.7,15.2,14.65,15.0,47580,860145
2026-01-13 15:25:00+05:30,15.1,15.35,15.05,15.35,28210,860145
2026-01-13 15:26:00+05:30,15.35,15.55,15.15,15.55,15080,860145
2026-01-13 15:27:00+05:30,15.5,15.75,15.5,15.75,41145,873600
2026-01-13 15:28:00+05:30,15.75,16.05,15.75,16.05,31330,873600
2026-01-13 15:29:00+05:30,16.14,16.5,15.9,16.2,83850,873600
2026-01-14 09:15:00+05:30,16.5,21.6,16.5,18.6,293995,870220
2026-01-14 09:16:00+05:30,18.6,19.1,18.0,18.5,277810,870220
2026-01-14 09:17:00+05:30,18.5,19.25,18.39,18.75,130585,870220
2026-01-14 09:18:00+05:30,18.75,19.64,18.75,19.3,141635,1007045
2026-01-14 09:19:00+05:30,19.2,19.8,18.85,19.39,113165,1007045
2026-01-14 09:20:00+05:30,19.25,19.39,17.6,17.6,103415,1007045
2026-01-14 09:21:00+05:30,17.6,17.95,16.85,16.95,108160,1007045
2026-01-14 09:22:00+05:30,16.75,16.8,15.6,15.65,138775,1089335
2026-01-14 09:23:00+05:30,15.55,17.0,15.45,16.8,81510,1089335
2026-01-14 09:24:00+05:30,16.89,17.0,16.1,16.89,87685,1089335
2026-01-14 09:25:00+05:30,16.8,16.8,15.5,15.5,123955,1126060
2026-01-14 09:26:00+05:30,15.45,15.85,15.2,15.7,109200,1126060
2026-01-14 09:27:00+05:30,16.05,16.2,14.9,15.05,88790,1126060
2026-01-14 09:28:00+05:30,15.1,15.3,14.6,14.85,53950,1152255
2026-01-14 09:29:00+05:30,14.95,15.15,14.8,15.0,60580,1152255
2026-01-14 09:30:00+05:30,15.05,15.1,14.6,14.95,82355,1152255
2026-01-14 09:31:00+05:30,14.9,15.5,14.75,15.4,56810,1191385
2026-01-14 09:32:00+05:30,15.45,15.45,14.9,15.25,43225,1191385
2026-01-14 09:33:00+05:30,15.2,16.1,15.1,15.4,56095,1191385
2026-01-14 09:34:00+05:30,15.55,15.7,14.9,15.0,71110,1219855
2026-01-14 09:35:00+05:30,15.05,15.05,14.0,14.75,130260,1219855
2026-01-14 09:36:00+05:30,14.75,14.9,14.3,14.45,115505,1219855
2026-01-14 09:37:00+05:30,14.5,15.1,14.3,15.1,60320,1292590
2026-01-14 09:38:00+05:30,15.1,15.1,14.45,14.6,23725,1292590
2026-01-14 09:39:00+05:30,14.5,16.0,14.5,15.35,124735,1292590
2026-01-14 09:40:00+05:30,15.35,17.05,15.35,17.05,122980,1276730
2026-01-14 09:41:00+05:30,16.85,16.85,14.65,15.0,161135,1276730
2026-01-14 09:42:00+05:30,15.05,15.35,14.55,15.2,66820,1276730
2026-01-14 09:43:00+05:30,15.25,15.9,15.25,15.75,55445,1352130
2026-01-14 09:44:00+05:30,15.9,16.75,15.7,16.55,89505,1352130
2026-01-14 09:45:00+05:30,16.6,17.75,16.05,17.64,99190,1352130
2026-01-14 09:46:00+05:30,17.6,18.2,17.1,18.0,100620,1356875
2026-01-14 09:47:00+05:30,17.95,17.95,17.14,17.64,51740,1356875
2026-01-14 09:48:00+05:30,17.45,18.8,17.2,17.8,208455,1356875
2026-01-14 09:49:00+05:30,17.55,17.55,16.8,17.39,60970,1394185
2026-01-14 09:50:00+05:30,17.35,17.35,16.25,16.25,58240,1394185
2026-01-14 09:51:00+05:30,16.1,16.1,15.1,15.75,108095,1394185
2026-01-14 09:52:00+05:30,15.8,16.0,15.2,15.55,31135,1369680
2026-01-14 09:53:00+05:30,15.45,15.45,14.75,14.8,41535,1369680
2026-01-14 09:54:00+05:30,14.8,14.8,14.05,14.15,131170,1369680
2026-01-14 09:55:00+05:30,14.25,14.5,13.6,13.9,99255,1403025
2026-01-14 09:56:00+05:30,13.95,14.65,13.95,14.3,78195,1403025
2026-01-14 09:57:00+05:30,14.35,15.25,14.35,15.2,83785,1403025
2026-01-14 09:58:00+05:30,15.2,15.3,14.45,14.85,63375,1418040
2026-01-14 09:59:00+05:30,14.9,15.0,14.25,14.25,89895,1418040
2026-01-14 10:00:00+05:30,14.2,14.75,14.1,14.5,36335,1418040
2026-01-14 10:01:00+05:30,14.5,15.0,14.45,14.9,31720,1434420
2026-01-14 10:02:00+05:30,14.9,14.9,14.4,14.75,26910,1434420
2026-01-14 10:03:00+05:30,14.9,15.15,14.6,14.65,41210,1434420
2026-01-14 10:04:00+05:30,14.6,14.85,14.4,14.7,56290,1453400
2026-01-14 10:05:00+05:30,14.8,15.15,14.6,14.9,36595,1453400
2026-01-14 10:06:00+05:30,14.9,15.0,14.55,14.6,38935,1453400
2026-01-14 10:07:00+05:30,14.55,14.75,14.45,14.65,43030,1475760
2026-01-14 10:08:00+05:30,14.6,15.45,14.5,15.45,105625,1475760
2026-01-14 10:09:00+05:30,15.45,15.45,14.9,14.95,71370,1475760
2026-01-14 10:10:00+05:30,15.05,15.85,15.05,15.65,59475,1506765
2026-01-14 10:11:00+05:30,15.7,15.85,15.2,15.65,41470,1506765
2026-01-14 10:12:00+05:30,15.65,15.8,15.35,15.65,46085,1506765
2026-01-14 10:13:00+05:30,15.7,15.9,15.3,15.55,57590,1535300
2026-01-14 10:14:00+05:30,15.6,15.65,15.2,15.65,59735,1535300
2026-01-14 10:15:00+05:30,15.6,15.75,15.15,15.5,88010,1535300
2026-01-14 10:16:00+05:30,15.5,15.95,15.45,15.7,41015,1530035
2026-01-14 10:17:00+05:30,15.65,15.9,15.35,15.6,17810,1530035
2026-01-14 10:18:00+05:30,15.65,17.5,15.65,16.6,167570,1530035
2026-01-14 10:19:00+05:30,16.5,16.89,16.5,16.5,71955,1541865
2026-01-14 10:20:00+05:30,16.5,16.7,16.1,16.6,85020,1541865
2026-01-14 10:21:00+05:30,16.7,17.14,16.6,17.1,41015,1541865
2026-01-14 10:22:00+05:30,16.95,18.1,16.85,17.3,131625,1532505
2026-01-14 10:23:00+05:30,17.14,18.0,17.1,17.64,148655,1532505
2026-01-14 10:24:00+05:30,17.64,17.75,16.75,16.8,96915,1532505
2026-01-14 10:25:00+05:30,16.85,16.85,16.55,16.55,56680,1511835
2026-01-14 10:26:00+05:30,16.6,17.55,16.55,17.3,43030,1511835
2026-01-14 10:27:00+05:30,17.14,17.85,16.6,16.7,68835,1511835
2026-01-14 10:28:00+05:30,16.85,17.0,16.3,16.7,37765,1538940
2026-01-14 10:29:00+05:30,16.75,16.85,16.1,16.1,26000,1538940
2026-01-14 10:30:00+05:30,16.1,17.1,16.1,17.1,31720,1538940
2026-01-14 10:31:00+05:30,17.2,17.8,17.1,17.45,88075,1533870
2026-01-14 10:32:00+05:30,17.35,17.55,16.64,17.25,45370,1533870
2026-01-14 10:33:00+05:30,17.25,17.25,15.8,15.8,101530,1533870
2026-01-14 10:34:00+05:30,15.85,16.39,15.6,16.14,79105,1556360
2026-01-14 10:35:00+05:30,16.1,16.14,15.65,15.8,34515,1556360
2026-01-14 10:36:00+05:30,15.9,17.1,15.9,16.7,51740,1556360
2026-01-14 10:37:00+05:30,16.8,17.0,16.45,16.85,16120,1554865
2026-01-14 10:38:00+05:30,16.95,17.05,16.45,16.45,17095,1554865
2026-01-14 10:39:00+05:30,16.45,16.6,16.1,16.35,20930,1554865
2026-01-14 10:40:00+05:30,16.5,16.5,15.5,15.7,59800,1560000
2026-01-14 10:41:00+05:30,15.65,15.75,14.7,14.75,78975,1560000
2026-01-14 10:42:00+05:30,14.7,14.9,14.25,14.9,53040,1560000
2026-01-14 10:43:00+05:30,14.95,15.4,14.8,15.4,53300,1534065
2026-01-14 10:44:00+05:30,15.35,16.25,15.3,15.95,111280,1534065
2026-01-14 10:45:00+05:30,16.14,16.8,16.1,16.8,69550,1534065
2026-01-14 10:46:00+05:30,16.75,16.8,16.25,16.6,56485,1547390
2026-01-14 10:47:00+05:30,16.6,17.05,16.0,16.1,49465,1547390
2026-01-14 10:48:00+05:30,16.1,16.2,15.2,15.2,36335,1547390
2026-01-14 10:49:00+05:30,15.15,15.45,14.95,15.3,36270,1547910
2026-01-14 10:50:00+05:30,15.35,15.35,15.05,15.25,67795,1547910
2026-01-14 10:51:00+05:30,15.4,15.45,15.1,15.15,23270,1547910
2026-01-14 10:52:00+05:30,15.15,15.45,15.0,15.45,22815,1557530
2026-01-14 10:53:00+05:30,15.3,15.35,14.85,15.0,25545,1557530
2026-01-14 10:54:00+05:30,15.05,15.25,14.7,14.85,25480,1557530
2026-01-14 10:55:00+05:30,14.8,15.0,14.4,14.75,44590,1546350
2026-01-14 10:56:00+05:30,14.6,14.95,14.6,14.8,19175,1546350
2026-01-14 10:57:00+05:30,14.8,15.0,14.2,14.2,36465,1546350
2026-01-14 10:58:00+05:30,14.25,14.35,13.95,14.05,46085,1528410
2026-01-14 10:59:00+05:30,13.9,14.15,13.4,13.45,47060,1528410
2026-01-14 11:00:00+05:30,13.5,14.15,13.3,14.15,28535,1528410
2026-01-14 11:01:00+05:30,14.4,14.4,13.75,13.85,26390,1535950
2026-01-14 11:02:00+05:30,13.85,13.85,13.45,13.55,30355,1535950
2026-01-14 11:03:00+05:30,13.5,13.75,13.4,13.7,11505,1535950
2026-01-14 11:04:00+05:30,13.75,14.0,13.6,13.6,69615,1536275
2026-01-14 11:05:00+05:30,13.55,13.65,13.5,13.65,20865,1536275
2026-01-14 11:06:00+05:30,13.55,14.05,13.55,14.0,30160,1536275
2026-01-14 11:07:00+05:30,14.05,14.3,13.9,13.9,27365,1520090
2026-01-14 11:08:00+05:30,13.85,13.95,13.5,13.5,11895,1520090
2026-01-14 11:09:00+05:30,13.55,13.9,13.55,13.75,13780,1520090
2026-01-14 11:10:00+05:30,13.85,13.9,13.5,13.9,12870,1521585
2026-01-14 11:11:00+05:30,13.85,13.85,13.6,13.65,5655,1521585
2026-01-14 11:12:00+05:30,13.7,13.7,13.5,13.7,10010,1521585
2026-01-14 11:13:00+05:30,13.75,13.9,13.65,13.8,10400,1527630
2026-01-14 11:14:00+05:30,13.7,13.8,13.5,13.55,8710,1527630
2026-01-14 11:15:00+05:30,13.8,13.8,13.45,13.55,6890,1527630
2026-01-14 11:16:00+05:30,13.55,13.55,13.0,13.1,57395,1527045
2026-01-14 11:17:00+05:30,13.15,13.25,12.9,13.2,46540,1527045
2026-01-14 11:18:00+05:30,13.15,13.3,12.9,13.2,28015,1527045
2026-01-14 11:19:00+05:30,13.25,13.4,13.15,13.2,19240,1534130
2026-01-14 11:20:00+05:30,13.15,13.35,13.0,13.3,58825,1534130
2026-01-14 11:21:00+05:30,13.25,13.25,12.85,12.9,25025,1534130
2026-01-14 11:22:00+05:30,12.95,13.3,12.95,13.2,31915,1523405
2026-01-14 11:23:00+05:30,13.25,13.25,13.05,13.25,15015,1523405
2026-01-14 11:24:00+05:30,13.2,13.45,13.1,13.4,19045,1523405
2026-01-14 11:25:00+05:30,13.35,13.5,13.3,13.5,14690,1526850
2026-01-14 11:26:00+05:30,13.3,13.4,13.0,13.1,33735,1526850
2026-01-14 11:27:00+05:30,13.1,13.1,12.4,12.45,67990,1526850
2026-01-14 11:28:00+05:30,12.5,12.5,12.1,12.1,89245,1495390
2026-01-14 11:29:00+05:30,12.1,12.25,12.05,12.15,62790,1495390
2026-01-14 11:30:00+05:30,12.0,12.2,11.9,12.1,115375,1495390
2026-01-14 11:31:00+05:30,12.05,12.35,12.05,12.3,82420,1503580
2026-01-14 11:32:00+05:30,12.25,12.4,12.05,12.1,84825,1503580
2026-01-14 11:33:00+05:30,12.05,12.2,12.0,12.1,35945,1503580
2026-01-14 11:34:00+05:30,12.15,12.2,12.0,12.0,12090,1498705
2026-01-14 11:35:00+05:30,12.0,12.3,12.0,12.25,9360,1498705
2026-01-14 11:36:00+05:30,12.25,12.3,12.15,12.15,6435,1498705
2026-01-14 11:37:00+05:30,12.15,12.2,11.9,11.95,30030,1494415
2026-01-14 11:38:00+05:30,11.95,12.15,11.9,12.1,16510,1494415
2026-01-14 11:39:00+05:30,12.15,12.25,11.95,12.15,31070,1494415
2026-01-14 11:40:00+05:30,12.15,12.2,12.0,12.15,25545,1489930
2026-01-14 11:41:00+05:30,12.1,12.25,12.05,12.05,18135,1489930
2026-01-14 11:42:00+05:30,12.05,12.1,11.55,11.65,25415,1489930
2026-01-14 11:43:00+05:30,11.7,12.0,11.55,11.6,27430,1491750
2026-01-14 11:44:00+05:30,11.6,12.2,11.55,12.2,34775,1491750
2026-01-14 11:45:00+05:30,12.1,12.2,12.0,12.1,20215,1491750
2026-01-14 11:46:00+05:30,12.1,12.15,11.75,11.8,36725,1490255
2026-01-14 11:47:00+05:30,11.8,11.8,11.6,11.7,18135,1490255
2026-01-14 11:48:00+05:30,11.6,11.7,11.3,11.4,36920,1490255
2026-01-14 11:49:00+05:30,11.45,11.45,11.1,11.2,62920,1501305
2026-01-14 11:50:00+05:30,11.2,11.45,11.2,11.45,64935,1501305
2026-01-14 11:51:00+05:30,11.45,11.7,11.45,11.65,74620,1501305
2026-01-14 11:52:00+05:30,11.65,11.65,11.35,11.45,38350,1558570
2026-01-14 11:53:00+05:30,11.45,11.6,11.4,11.6,38870,1558570
2026-01-14 11:54:00+05:30,11.6,11.6,11.45,11.45,18525,1558570
2026-01-14 11:55:00+05:30,11.5,11.65,11.5,11.65,28730,1576965
2026-01-14 11:56:00+05:30,11.6,11.6,11.15,11.2,15015,1576965
2026-01-14 11:57:00+05:30,11.35,11.7,11.25,11.55,17420,1576965
2026-01-14 11:58:00+05:30,11.65,11.7,11.4,11.4,3445,1577030
2026-01-14 11:59:00+05:30,11.5,11.65,11.4,11.65,4485,1577030
2026-01-14 12:00:00+05:30,11.55,11.6,11.35,11.5,20410,1577030
2026-01-14 12:01:00+05:30,11.5,11.55,11.35,11.45,15275,1565655
2026-01-14 12:02:00+05:30,11.45,11.65,11.4,11.55,16640,1565655
2026-01-14 12:03:00+05:30,11.6,11.65,11.35,11.35,28405,1565655
2026-01-14 12:04:00+05:30,11.35,11.5,11.2,11.45,14950,1559675
2026-01-14 12:05:00+05:30,11.5,11.6,11.4,11.6,5525,1559675
2026-01-14 12:06:00+05:30,11.6,11.9,11.55,11.85,17875,1559675
2026-01-14 12:07:00+05:30,11.9,11.95,11.75,11.85,23465,1559675
2026-01-14 12:08:00+05:30,11.85,11.9,11.55,11.85,11505,1559675
2026-01-14 12:09:00+05:30,11.8,12.05,11.75,11.85,19760,1559675
2026-01-14 12:10:00+05:30,11.9,11.95,11.75,11.95,34060,1557660
2026-01-14 12:11:00+05:30,11.9,12.25,11.9,12.25,23855,1557660
2026-01-14 12:12:00+05:30,12.2,12.2,12.0,12.1,21905,1557660
2026-01-14 12:13:00+05:30,12.05,12.25,12.05,12.1,21775,1564615
2026-01-14 12:14:00+05:30,12.1,12.45,12.0,12.45,20410,1564615
2026-01-14 12:15:00+05:30,12.4,12.85,12.4,12.7,61815,1564615
2026-01-14 12:16:00+05:30,12.8,12.85,12.5,12.55,46995,1570660
2026-01-14 12:17:00+05:30,12.65,12.65,12.0,12.15,89505,1570660
2026-01-14 12:18:00+05:30,12.1,12.2,11.8,11.95,39455,1570660
2026-01-14 12:19:00+05:30,11.95,11.95,11.65,11.7,39520,1563250
2026-01-14 12:20:00+05:30,11.7,11.75,11.6,11.7,19240,1563250
2026-01-14 12:21:00+05:30,11.6,11.8,11.5,11.6,36270,1563250
2026-01-14 12:22:00+05:30,11.5,11.85,11.45,11.6,39130,1574625
2026-01-14 12:23:00+05:30,11.6,11.7,11.55,11.6,4940,1574625
2026-01-14 12:24:00+05:30,11.55,11.7,11.45,11.7,12935,1574625
2026-01-14 12:25:00+05:30,11.65,11.8,11.55,11.8,38415,1574625
2026-01-14 12:26:00+05:30,11.75,12.1,11.75,12.1,73775,1572805
2026-01-14 12:27:00+05:30,12.1,12.2,11.85,11.95,28210,1572805
2026-01-14 12:28:00+05:30,11.95,12.1,11.95,12.05,14430,1581580
2026-01-14 12:29:00+05:30,12.0,12.0,11.75,11.85,22685,1581580
2026-01-14 12:30:00+05:30,11.8,11.85,11.55,11.8,19370,1581580
2026-01-14 12:31:00+05:30,11.75,11.85,11.7,11.7,9555,1573195
2026-01-14 12:32:00+05:30,11.65,11.85,11.65,11.65,11830,1573195
2026-01-14 12:33:00+05:30,11.65,11.95,11.65,11.9,22035,1573195
2026-01-14 12:34:00+05:30,11.85,11.85,11.7,11.7,4160,1560000
2026-01-14 12:35:00+05:30,11.65,11.65,11.35,11.5,18395,1560000
2026-01-14 12:36:00+05:30,11.45,11.5,11.35,11.45,25415,1560000
2026-01-14 12:37:00+05:30,11.4,11.4,11.25,11.35,18070,1557400
2026-01-14 12:38:00+05:30,11.35,11.6,11.25,11.4,21190,1557400
2026-01-14 12:39:00+05:30,11.4,11.5,11.35,11.35,10270,1557400
2026-01-14 12:40:00+05:30,11.4,11.5,11.25,11.4,9815,1557400
2026-01-14 12:41:00+05:30,11.35,11.6,11.35,11.6,42835,1560585
2026-01-14 12:42:00+05:30,11.6,11.75,11.6,11.75,55055,1560585
2026-01-14 12:43:00+05:30,11.6,11.7,11.55,11.6,10595,1560585
2026-01-14 12:44:00+05:30,11.55,11.8,11.55,11.8,8970,1559480
2026-01-14 12:45:00+05:30,11.7,11.8,11.5,11.5,13585,1559480
2026-01-14 12:46:00+05:30,11.5,11.55,11.4,11.55,7605,1559480
2026-01-14 12:47:00+05:30,11.55,11.65,11.3,11.3,12415,1553825
2026-01-14 12:48:00+05:30,11.35,11.65,11.35,11.65,5070,1553825
2026-01-14 12:49:00+05:30,11.65,11.75,11.55,11.7,14170,1553825
2026-01-14 12:50:00+05:30,11.75,11.85,11.6,11.85,61165,1554735
2026-01-14 12:51:00+05:30,11.85,12.05,11.8,11.95,38285,1554735
2026-01-14 12:52:00+05:30,11.9,12.0,11.85,11.9,15275,1554735
2026-01-14 12:53:00+05:30,12.0,12.0,11.65,11.75,30615,1521780
2026-01-14 12:54:00+05:30,11.8,11.8,11.6,11.8,12935,1521780
2026-01-14 12:55:00+05:30,11.95,12.2,11.85,11.9,21320,1521780
2026-01-14 12:56:00+05:30,11.95,12.1,11.95,12.05,7995,1519830
2026-01-14 12:57:00+05:30,12.05,12.1,11.9,12.0,2535,1519830
2026-01-14 12:58:00+05:30,12.05,12.05,11.65,11.9,16835,1519830
2026-01-14 12:59:00+05:30,11.9,11.9,11.75,11.75,15600,1519570
2026-01-14 13:00:00+05:30,11.8,11.9,11.65,11.9,16120,1519570
2026-01-14 13:01:00+05:30,11.9,12.15,11.85,11.95,14950,1519570
2026-01-14 13:02:00+05:30,11.95,11.95,11.8,11.8,12415,1531270
2026-01-14 13:03:00+05:30,11.8,12.05,11.65,12.05,5655,1531270
2026-01-14 13:04:00+05:30,12.0,12.05,11.8,11.85,7865,1531270
2026-01-14 13:05:00+05:30,11.8,11.8,11.45,11.7,16120,1531400
2026-01-14 13:06:00+05:30,11.6,11.8,11.6,11.6,6240,1531400
2026-01-14 13:07:00+05:30,11.6,11.8,11.5,11.8,7540,1531400
2026-01-14 13:08:00+05:30,11.75,11.8,11.65,11.7,12090,1526720
2026-01-14 13:09:00+05:30,11.7,11.8,11.55,11.6,7865,1526720
2026-01-14 13:10:00+05:30,11.6,11.6,11.2,11.3,21775,1526720
2026-01-14 13:11:00+05:30,11.3,11.45,11.25,11.4,10010,1522365
2026-01-14 13:12:00+05:30,11.35,11.55,11.35,11.55,12155,1522365
2026-01-14 13:13:00+05:30,11.4,11.6,11.35,11.4,17420,1522365
2026-01-14 13:14:00+05:30,11.4,11.6,11.25,11.6,14495,1522235
2026-01-14 13:15:00+05:30,11.5,11.6,11.35,11.35,4810,1522235
2026-01-14 13:16:00+05:30,11.3,11.6,11.2,11.5,20475,1522235
2026-01-14 13:17:00+05:30,11.45,11.65,11.45,11.5,16705,1515345
2026-01-14 13:18:00+05:30,11.6,11.85,11.5,11.6,31395,1515345
2026-01-14 13:19:00+05:30,11.6,11.8,11.5,11.8,14430,1515345
2026-01-14 13:20:00+05:30,11.7,12.05,11.65,11.9,24570,1502280
2026-01-14 13:21:00+05:30,11.75,12.35,11.75,12.3,41015,1502280
2026-01-14 13:22:00+05:30,12.35,12.45,12.15,12.25,29185,1502280
2026-01-14 13:23:00+05:30,12.2,12.65,12.2,12.55,17810,1508650
2026-01-14 13:24:00+05:30,12.55,12.65,12.35,12.65,20410,1508650
2026-01-14 13:25:00+05:30,12.8,13.15,12.55,12.6,117520,1508650
2026-01-14 13:26:00+05:30,12.55,12.55,12.1,12.15,41275,1517750
2026-01-14 13:27:00+05:30,12.25,12.45,12.05,12.45,26585,1517750
2026-01-14 13:28:00+05:30,12.35,12.65,12.35,12.5,41990,1517750
2026-01-14 13:29:00+05:30,12.45,12.65,12.4,12.5,28470,1524640
2026-01-14 13:30:00+05:30,12.45,12.6,12.3,12.3,38025,1524640
2026-01-14 13:31:00+05:30,12.3,12.8,12.3,12.8,41470,1524640
2026-01-14 13:32:00+05:30,12.8,12.9,12.5,12.65,156845,1494415
2026-01-14 13:33:00+05:30,12.65,12.8,12.5,12.65,128310,1494415
2026-01-14 13:34:00+05:30,12.55,12.7,12.2,12.55,116740,1494415
2026-01-14 13:35:00+05:30,12.6,12.6,12.15,12.15,82095,1436890
2026-01-14 13:36:00+05:30,12.2,12.75,12.2,12.7,46280,1436890
2026-01-14 13:37:00+05:30,12.85,13.55,12.8,13.55,102700,1436890
2026-01-14 13:38:00+05:30,13.55,13.6,13.1,13.25,66820,1382940
2026-01-14 13:39:00+05:30,13.25,14.3,13.15,14.3,94510,1382940
2026-01-14 13:40:00+05:30,14.05,14.6,13.55,14.05,139880,1382940
2026-01-14 13:41:00+05:30,14.3,14.45,13.75,13.8,78910,1319500
2026-01-14 13:42:00+05:30,13.8,13.85,13.35,13.85,50830,1319500
2026-01-14 13:43:00+05:30,13.75,14.55,13.75,14.35,37635,1319500
2026-01-14 13:44:00+05:30,14.4,14.65,14.2,14.6,52585,1292265
2026-01-14 13:45:00+05:30,14.55,14.65,14.15,14.15,62075,1292265
2026-01-14 13:46:00+05:30,14.2,14.7,14.05,14.4,92950,1292265
2026-01-14 13:47:00+05:30,14.4,14.4,13.8,14.0,39715,1281540
2026-01-14 13:48:00+05:30,13.95,14.45,13.8,14.3,35685,1281540
2026-01-14 13:49:00+05:30,14.2,14.45,14.0,14.2,49270,1281540
2026-01-14 13:50:00+05:30,14.2,14.25,14.0,14.2,16900,1293955
2026-01-14 13:51:00+05:30,14.15,14.5,13.65,14.5,25610,1293955
2026-01-14 13:52:00+05:30,14.45,14.95,14.15,14.85,47905,1293955
2026-01-14 13:53:00+05:30,14.8,15.75,14.65,15.3,135005,1267630
2026-01-14 13:54:00+05:30,15.4,15.95,15.4,15.95,50310,1267630
2026-01-14 13:55:00+05:30,15.8,15.8,15.25,15.4,84630,1267630
2026-01-14 13:56:00+05:30,15.6,16.1,15.6,15.9,72280,1261260
2026-01-14 13:57:00+05:30,15.9,16.45,15.8,16.05,45370,1261260
2026-01-14 13:58:00+05:30,16.05,16.35,15.6,16.1,82355,1261260
2026-01-14 13:59:00+05:30,16.14,16.3,15.7,15.7,48425,1252550
2026-01-14 14:00:00+05:30,15.9,15.9,15.0,15.2,62855,1252550
2026-01-14 14:01:00+05:30,15.2,15.65,14.85,15.65,64155,1252550
2026-01-14 14:02:00+05:30,15.35,15.35,14.95,15.15,52195,1243385
2026-01-14 14:03:00+05:30,15.05,15.45,14.8,15.35,33085,1243385
2026-01-14 14:04:00+05:30,15.5,16.3,15.5,16.3,47645,1243385
2026-01-14 14:05:00+05:30,16.45,16.45,15.6,15.6,69940,1244295
2026-01-14 14:06:00+05:30,15.5,15.8,15.2,15.35,51025,1244295
2026-01-14 14:07:00+05:30,15.3,15.9,15.25,15.65,19890,1244295
2026-01-14 14:08:00+05:30,15.55,15.65,15.15,15.3,48880,1266525
2026-01-14 14:09:00+05:30,15.35,15.55,14.9,15.55,22490,1266525
2026-01-14 14:10:00+05:30,15.55,15.55,15.25,15.25,10140,1266525
2026-01-14 14:11:00+05:30,15.3,15.4,15.1,15.3,29445,1271790
2026-01-14 14:12:00+05:30,15.45,15.6,15.05,15.05,23205,1271790
2026-01-14 14:13:00+05:30,15.0,15.1,14.6,14.6,42965,1271790
2026-01-14 14:14:00+05:30,14.6,14.95,14.2,14.25,36140,1251185
2026-01-14 14:15:00+05:30,14.3,14.65,14.0,14.35,43940,1251185
2026-01-14 14:16:00+05:30,14.65,14.95,14.35,14.4,36465,1251185
2026-01-14 14:17:00+05:30,14.4,15.0,14.4,14.85,18720,1234545
2026-01-14 14:18:00+05:30,14.9,15.35,14.85,15.1,63830,1234545
2026-01-14 14:19:00+05:30,15.25,15.55,15.0,15.45,21840,1234545
2026-01-14 14:20:00+05:30,15.6,15.65,15.3,15.65,36660,1242605
2026-01-14 14:21:00+05:30,15.7,16.1,15.7,15.85,56355,1242605
2026-01-14 14:22:00+05:30,15.8,16.0,15.45,15.7,79040,1242605
2026-01-14 14:23:00+05:30,15.7,16.89,15.65,16.89,74945,1246570
2026-01-14 14:24:00+05:30,16.89,17.3,16.64,17.3,62855,1246570
2026-01-14 14:25:00+05:30,17.5,18.39,17.0,17.1,161070,1246570
2026-01-14 14:26:00+05:30,17.14,17.45,16.7,16.95,53625,1216280
2026-01-14 14:27:00+05:30,16.35,17.1,16.1,17.1,61100,1216280
2026-01-14 14:28:00+05:30,17.05,17.6,16.85,17.55,74230,1216280
2026-01-14 14:29:00+05:30,17.6,17.75,17.2,17.35,56160,1218490
2026-01-14 14:30:00+05:30,17.14,17.39,16.75,16.85,54145,1218490
2026-01-14 14:31:00+05:30,16.95,17.2,16.7,16.95,38025,1218490
2026-01-14 14:32:00+05:30,17.0,18.39,17.0,17.89,79235,1206530
2026-01-14 14:33:00+05:30,17.95,18.1,17.35,17.35,71500,1206530
2026-01-14 14:34:00+05:30,17.35,17.55,16.55,16.8,29510,1206530
2026-01-14 14:35:00+05:30,17.25,17.5,16.75,16.95,30420,1211145
2026-01-14 14:36:00+05:30,16.89,17.1,16.5,16.7,33020,1211145
2026-01-14 14:37:00+05:30,16.6,16.85,16.14,16.55,37830,1211145
2026-01-14 14:38:00+05:30,16.45,16.5,15.95,15.95,44070,1219985
2026-01-14 14:39:00+05:30,15.5,15.8,15.05,15.8,103675,1219985
2026-01-14 14:40:00+05:30,16.0,16.0,15.1,15.65,30680,1219985
2026-01-14 14:41:00+05:30,15.65,15.9,15.3,15.3,83460,1195285
2026-01-14 14:42:00+05:30,15.3,15.4,14.95,15.05,39325,1195285
2026-01-14 14:43:00+05:30,15.0,15.0,14.6,14.75,29575,1195285
2026-01-14 14:44:00+05:30,14.65,14.95,14.6,14.8,33345,1208740
2026-01-14 14:45:00+05:30,14.65,14.65,13.6,13.75,127920,1208740
2026-01-14 14:46:00+05:30,13.75,14.15,13.45,13.45,79625,1208740
2026-01-14 14:47:00+05:30,13.5,13.65,13.1,13.1,41795,1196000
2026-01-14 14:48:00+05:30,13.05,13.55,12.9,13.55,70915,1196000
2026-01-14 14:49:00+05:30,13.45,13.55,13.2,13.2,32370,1196000
2026-01-14 14:50:00+05:30,13.15,13.45,13.15,13.45,22945,1237275
2026-01-14 14:51:00+05:30,13.45,13.5,13.15,13.35,31330,1237275
2026-01-14 14:52:00+05:30,13.4,13.45,12.95,13.15,23205,1237275
2026-01-14 14:53:00+05:30,13.05,13.05,12.75,12.85,30485,1220700
2026-01-14 14:54:00+05:30,12.85,13.2,12.85,13.15,23010,1220700
2026-01-14 14:55:00+05:30,13.1,13.2,13.0,13.0,25220,1220700
2026-01-14 14:56:00+05:30,12.95,13.0,12.5,12.9,37830,1213420
2026-01-14 14:57:00+05:30,13.0,13.5,13.0,13.35,76830,1213420
2026-01-14 14:58:00+05:30,13.35,13.55,13.1,13.3,23530,1213420
2026-01-14 14:59:00+05:30,13.35,13.8,13.25,13.65,87620,1201525
2026-01-14 15:00:00+05:30,13.6,14.4,13.6,13.85,77415,1201525
2026-01-14 15:01:00+05:30,13.75,14.25,13.75,13.95,79170,1201525
2026-01-14 15:02:00+05:30,13.9,15.3,13.85,15.25,53430,1188525
2026-01-14 15:03:00+05:30,15.1,15.1,14.3,14.3,40300,1188525
2026-01-14 15:04:00+05:30,14.25,14.45,13.55,13.55,63505,1188525
2026-01-14 15:05:00+05:30,13.6,13.7,13.05,13.15,74555,1168895
2026-01-14 15:06:00+05:30,13.15,13.6,12.95,13.6,105170,1168895
2026-01-14 15:07:00+05:30,13.55,13.85,13.45,13.75,44200,1168895
2026-01-14 15:08:00+05:30,13.9,14.25,13.75,13.85,104325,1182545
2026-01-14 15:09:00+05:30,13.95,14.15,13.8,14.1,43875,1182545
2026-01-14 15:10:00+05:30,14.15,14.75,14.15,14.55,23530,1182545
2026-01-14 15:11:00+05:30,14.5,14.95,14.35,14.55,40885,1152320
2026-01-14 15:12:00+05:30,14.6,14.95,14.55,14.9,49140,1152320
2026-01-14 15:13:00+05:30,15.0,15.25,14.7,15.0,40365,1152320
2026-01-14 15:14:00+05:30,15.05,15.1,14.7,14.8,56680,1171885
2026-01-14 15:15:00+05:30,14.8,15.25,14.65,15.25,67860,1171885
2026-01-14 15:16:00+05:30,15.15,15.5,15.1,15.4,59995,1171885
2026-01-14 15:17:00+05:30,15.3,15.75,15.15,15.35,77935,1175005
2026-01-14 15:18:00+05:30,15.45,15.5,14.65,14.75,63050,1175005
2026-01-14 15:19:00+05:30,14.8,15.0,14.75,14.9,78260,1175005
2026-01-14 15:20:00+05:30,15.15,15.2,14.5,14.55,128830,1202630
2026-01-14 15:21:00+05:30,14.5,14.7,14.25,14.25,73580,1202630
2026-01-14 15:22:00+05:30,14.25,14.25,13.65,13.85,86645,1202630
2026-01-14 15:23:00+05:30,13.9,14.2,13.35,13.6,91260,1215630
2026-01-14 15:24:00+05:30,13.6,13.8,13.55,13.7,93015,1215630
2026-01-14 15:25:00+05:30,13.55,14.0,13.5,13.9,102895,1215630
2026-01-14 15:26:00+05:30,14.05,14.4,14.0,14.05,75465,1195870
2026-01-14 15:27:00+05:30,14.1,14.25,13.65,13.65,157170,1195870
2026-01-14 15:28:00+05:30,13.75,13.8,13.5,13.65,104910,1195870
2026-01-14 15:29:00+05:30,13.65,13.8,13.4,13.5,350285,1277835
2026-01-16 09:15:00+05:30,10.85,10.85,6.1,7.75,406770,1271855
2026-01-16 09:16:00+05:30,7.6,8.69,7.45,8.05,1154660,1301040
2026-01-16 09:17:00+05:30,7.9,8.05,7.55,7.65,489905,1301040
2026-01-16 09:18:00+05:30,7.65,7.75,7.1,7.1,532935,1301040
2026-01-16 09:19:00+05:30,7.2,7.2,6.8,6.8,222300,1369030
2026-01-16 09:20:00+05:30,6.75,6.95,6.75,6.75,262535,1369030
2026-01-16 09:21:00+05:30,6.7,6.7,6.4,6.55,289055,1369030
2026-01-16 09:22:00+05:30,6.6,6.9,6.45,6.9,197925,1382160
2026-01-16 09:23:00+05:30,6.7,6.75,6.5,6.75,176540,1382160
2026-01-16 09:24:00+05:30,6.7,6.8,6.35,6.45,206635,1382160
2026-01-16 09:25:00+05:30,6.5,6.85,6.35,6.45,171795,1388660
2026-01-16 09:26:00+05:30,6.5,6.75,6.1,6.1,172445,1388660
2026-01-16 09:27:00+05:30,6.15,6.6,6.15,6.3,238355,1388660
2026-01-16 09:28:00+05:30,6.3,6.5,6.0,6.05,214565,1425255
2026-01-16 09:29:00+05:30,6.05,6.05,5.75,5.95,144950,1425255
2026-01-16 09:30:00+05:30,5.95,6.25,5.9,6.25,213200,1425255
2026-01-16 09:31:00+05:30,6.2,6.55,6.15,6.55,291395,1440205
2026-01-16 09:32:00+05:30,6.55,7.1,6.45,7.05,238160,1440205
2026-01-16 09:33:00+05:30,7.0,7.3,6.45,6.45,267995,1440205
2026-01-16 09:34:00+05:30,6.4,6.45,6.05,6.1,253305,1570595
2026-01-16 09:35:00+05:30,6.1,6.5,6.1,6.15,228410,1570595
2026-01-16 09:36:00+05:30,6.1,6.25,5.95,6.05,249405,1570595
2026-01-16 09:37:00+05:30,6.05,6.4,5.9,6.05,161655,1569035
2026-01-16 09:38:00+05:30,6.15,6.3,6.1,6.2,192920,1569035
2026-01-16 09:39:00+05:30,6.2,6.85,6.2,6.8,166205,1569035
2026-01-16 09:40:00+05:30,6.7,7.15,6.55,6.55,708825,1592240
2026-01-16 09:41:00+05:30,6.55,6.8,6.45,6.55,223600,1592240
2026-01-16 09:42:00+05:30,6.55,6.75,6.35,6.35,188370,1592240
2026-01-16 09:43:00+05:30,6.35,6.35,5.9,5.95,443625,1702480
2026-01-16 09:44:00+05:30,5.9,5.9,5.7,5.85,190580,1702480
2026-01-16 09:45:00+05:30,5.8,6.4,5.7,6.2,202735,1702480
2026-01-16 09:46:00+05:30,6.15,6.2,5.85,5.9,132210,1733095
2026-01-16 09:47:00+05:30,5.85,5.9,5.65,5.8,114205,1733095
2026-01-16 09:48:00+05:30,5.8,5.85,5.5,5.55,151905,1733095
2026-01-16 09:49:00+05:30,5.55,5.6,5.45,5.5,268125,1759940
2026-01-16 09:50:00+05:30,5.5,5.5,5.35,5.5,91585,1759940
2026-01-16 09:51:00+05:30,5.5,5.55,5.45,5.45,38675,1759940
2026-01-16 09:52:00+05:30,5.5,5.55,5.4,5.45,50700,1762280
2026-01-16 09:53:00+05:30,5.45,5.5,5.4,5.5,54080,1762280
2026-01-16 09:54:00+05:30,5.45,5.55,5.45,5.45,36400,1762280
2026-01-16 09:55:00+05:30,5.45,5.55,5.35,5.45,117260,1782755
2026-01-16 09:56:00+05:30,5.45,5.6,5.45,5.6,41405,1782755
2026-01-16 09:57:00+05:30,5.55,5.6,5.5,5.55,41665,1782755
2026-01-16 09:58:00+05:30,5.55,5.7,5.55,5.65,59345,1826175
2026-01-16 09:59:00+05:30,5.65,5.75,5.6,5.7,86905,1826175
2026-01-16 10:00:00+05:30,5.75,5.8,5.65,5.7,97175,1826175
2026-01-16 10:01:00+05:30,5.65,5.75,5.6,5.7,87685,1813435
2026-01-16 10:02:00+05:30,5.7,5.75,5.55,5.65,116285,1813435
2026-01-16 10:03:00+05:30,5.65,5.65,5.45,5.5,131560,1813435
2026-01-16 10:04:00+05:30,5.5,5.55,5.4,5.45,103675,1926665
2026-01-16 10:05:00+05:30,5.45,5.55,5.4,5.4,30160,1926665
2026-01-16 10:06:00+05:30,5.4,5.45,5.35,5.35,24180,1926665
2026-01-16 10:07:00+05:30,5.35,5.55,5.35,5.45,53235,1921465
2026-01-16 10:08:00+05:30,5.5,5.5,5.4,5.45,13780,1921465
2026-01-16 10:09:00+05:30,5.45,5.5,5.4,5.4,34905,1921465
2026-01-16 10:10:00+05:30,5.45,5.6,5.45,5.55,60125,1925495
2026-01-16 10:11:00+05:30,5.6,5.65,5.5,5.65,113750,1925495
2026-01-16 10:12:00+05:30,5.65,5.65,5.6,5.65,39715,1925495
2026-01-16 10:13:00+05:30,5.65,5.75,5.65,5.75,70135,1938365
2026-01-16 10:14:00+05:30,5.75,5.8,5.65,5.65,86450,1938365
2026-01-16 10:15:00+05:30,5.7,5.75,5.6,5.65,161265,1938365
2026-01-16 10:16:00+05:30,5.7,5.85,5.65,5.8,196040,1973530
2026-01-16 10:17:00+05:30,5.8,5.85,5.7,5.75,182910,1973530
2026-01-16 10:18:00+05:30,5.8,5.85,5.65,5.7,177255,1973530
2026-01-16 10:19:00+05:30,5.7,5.75,5.6,5.7,192660,2041390
2026-01-16 10:20:00+05:30,5.75,5.8,5.7,5.75,121810,2041390
2026-01-16 10:21:00+05:30,5.75,6.0,5.75,5.9,255645,2041390
2026-01-16 10:22:00+05:30,5.95,5.95,5.85,5.85,110370,2005640
2026-01-16 10:23:00+05:30,5.9,5.95,5.7,5.7,83200,2005640
2026-01-16 10:24:00+05:30,5.7,5.85,5.7,5.85,155935,2005640
2026-01-16 10:25:00+05:30,5.85,6.0,5.8,6.0,121680,2014480
2026-01-16 10:26:00+05:30,5.95,6.1,5.95,6.1,206830,2014480
2026-01-16 10:27:00+05:30,6.1,6.15,6.05,6.15,309140,2014480
2026-01-16 10:28:00+05:30,6.2,6.35,6.1,6.3,458770,2021305
2026-01-16 10:29:00+05:30,6.35,6.4,6.2,6.3,373100,2021305
2026-01-16 10:30:00+05:30,6.3,6.35,6.15,6.2,163020,2021305
2026-01-16 10:31:00+05:30,6.2,6.25,6.1,6.2,197470,2258880
2026-01-16 10:32:00+05:30,6.2,6.3,6.2,6.2,112710,2258880
2026-01-16 10:33:00+05:30,6.2,6.3,6.15,6.25,153660,2258880
2026-01-16 10:34:00+05:30,6.25,6.3,6.15,6.15,117975,2314650
2026-01-16 10:35:00+05:30,6.15,6.25,6.15,6.2,102570,2314650
2026-01-16 10:36:00+05:30,6.2,6.25,6.2,6.2,80990,2314650
2026-01-16 10:37:00+05:30,6.25,6.25,6.15,6.15,44915,2309710
2026-01-16 10:38:00+05:30,6.15,6.2,6.1,6.1,70980,2309710
2026-01-16 10:39:00+05:30,6.15,6.2,6.1,6.2,54405,2309710
2026-01-16 10:40:00+05:30,6.2,6.4,6.2,6.35,129415,2311205
2026-01-16 10:41:00+05:30,6.4,6.4,6.2,6.2,67665,2311205
2026-01-16 10:42:00+05:30,6.25,6.3,6.2,6.3,98930,2311205
2026-01-16 10:43:00+05:30,6.3,6.35,6.2,6.3,146315,2308280
2026-01-16 10:44:00+05:30,6.35,6.4,6.25,6.3,50440,2308280
2026-01-16 10:45:00+05:30,6.3,6.4,6.25,6.4,87360,2308280
2026-01-16 10:46:00+05:30,6.4,6.4,6.3,6.35,18330,2345330
2026-01-16 10:47:00+05:30,6.3,6.4,6.25,6.35,58760,2345330
2026-01-16 10:48:00+05:30,6.35,6.35,6.25,6.3,29835,2345330
2026-01-16 10:49:00+05:30,6.3,6.4,6.2,6.25,29445,2330120
2026-01-16 10:50:00+05:30,6.3,6.35,6.25,6.3,50635,2330120
2026-01-16 10:51:00+05:30,6.3,6.4,6.3,6.4,59150,2330120
2026-01-16 10:52:00+05:30,6.4,6.45,6.4,6.4,96395,2352285
2026-01-16 10:53:00+05:30,6.45,6.45,6.4,6.4,15600,2352285
2026-01-16 10:54:00+05:30,6.4,6.45,6.4,6.4,23530,2352285
2026-01-16 10:55:00+05:30,6.4,6.4,6.3,6.35,45760,2350400
2026-01-16 10:56:00+05:30,6.4,6.4,6.35,6.4,21580,2350400
2026-01-16 10:57:00+05:30,6.4,6.5,6.4,6.45,36985,2350400
2026-01-16 10:58:00+05:30,6.45,6.5,6.4,6.5,24115,2364050
2026-01-16 10:59:00+05:30,6.5,6.55,6.45,6.45,47515,2364050
2026-01-16 11:00:00+05:30,6.45,6.6,6.45,6.45,44720,2364050
2026-01-16 11:01:00+05:30,6.45,6.5,6.4,6.4,13195,2375100
2026-01-16 11:02:00+05:30,6.4,6.5,6.4,6.45,43550,2375100
2026-01-16 11:03:00+05:30,6.45,6.5,6.45,6.45,46280,2375100
2026-01-16 11:04:00+05:30,6.5,6.5,6.4,6.5,39390,2368470
2026-01-16 11:05:00+05:30,6.5,6.5,6.4,6.45,33020,2368470
2026-01-16 11:06:00+05:30,6.4,6.45,6.4,6.4,13845,2368470
2026-01-16 11:07:00+05:30,6.45,6.45,6.4,6.4,17290,2379260
2026-01-16 11:08:00+05:30,6.45,6.45,6.35,6.4,14495,2379260
2026-01-16 11:09:00+05:30,6.35,6.35,6.3,6.35,28210,2379260
2026-01-16 11:10:00+05:30,6.3,6.35,6.25,6.25,49530,2387190
2026-01-16 11:11:00+05:30,6.25,6.3,6.25,6.25,3965,2387190
2026-01-16 11:12:00+05:30,6.3,6.3,6.2,6.25,35555,2387190
2026-01-16 11:13:00+05:30,6.25,6.45,6.2,6.4,112125,2383940
2026-01-16 11:14:00+05:30,6.4,6.4,6.1,6.1,161525,2383940
2026-01-16 11:15:00+05:30,6.15,6.2,5.9,5.95,125645,2383940
2026-01-16 11:16:00+05:30,5.95,6.05,5.95,6.05,30875,2337140
2026-01-16 11:17:00+05:30,6.0,6.2,6.0,6.2,13130,2337140
2026-01-16 11:18:00+05:30,6.2,6.2,6.1,6.2,37765,2337140
2026-01-16 11:19:00+05:30,6.25,6.25,6.1,6.15,46410,2325375
2026-01-16 11:20:00+05:30,6.1,6.15,5.95,6.0,41535,2325375
2026-01-16 11:21:00+05:30,6.0,6.05,5.95,6.05,22555,2325375
2026-01-16 11:22:00+05:30,6.0,6.0,5.8,5.85,65845,2330575
2026-01-16 11:23:00+05:30,5.85,5.95,5.85,5.9,50180,2330575
2026-01-16 11:24:00+05:30,5.9,5.95,5.85,5.9,27885,2330575
2026-01-16 11:25:00+05:30,5.9,5.9,5.75,5.85,45045,2315365
2026-01-16 11:26:00+05:30,5.9,5.9,5.8,5.85,39260,2315365
2026-01-16 11:27:00+05:30,5.8,5.85,5.7,5.75,34710,2315365
2026-01-16 11:28:00+05:30,5.75,5.9,5.7,5.8,48490,2326675
2026-01-16 11:29:00+05:30,5.75,5.85,5.75,5.8,31850,2326675
2026-01-16 11:30:00+05:30,5.75,5.75,5.55,5.6,80535,2326675
2026-01-16 11:31:00+05:30,5.6,5.65,5.55,5.55,56615,2302625
2026-01-16 11:32:00+05:30,5.5,5.6,5.45,5.55,44330,2302625
2026-01-16 11:33:00+05:30,5.55,5.7,5.55,5.55,55900,2302625
2026-01-16 11:34:00+05:30,5.6,5.75,5.55,5.55,66625,2288455
2026-01-16 11:35:00+05:30,5.6,5.65,5.55,5.6,30550,2288455
2026-01-16 11:36:00+05:30,5.6,5.65,5.5,5.6,25480,2288455
2026-01-16 11:37:00+05:30,5.65,5.65,5.55,5.6,31395,2302625
2026-01-16 11:38:00+05:30,5.6,5.7,5.6,5.65,85865,2302625
2026-01-16 11:39:00+05:30,5.65,5.65,5.6,5.6,26325,2302625
2026-01-16 11:40:00+05:30,5.6,5.65,5.55,5.6,32630,2308215
2026-01-16 11:41:00+05:30,5.65,5.7,5.55,5.65,15015,2308215
2026-01-16 11:42:00+05:30,5.6,5.65,5.6,5.65,19825,2308215
2026-01-16 11:43:00+05:30,5.7,5.7,5.6,5.6,37180,2305485
2026-01-16 11:44:00+05:30,5.65,5.8,5.65,5.75,49920,2305485
2026-01-16 11:45:00+05:30,5.8,5.95,5.75,5.95,41535,2305485
2026-01-16 11:46:00+05:30,5.95,6.0,5.85,5.85,48750,2334800
2026-01-16 11:47:00+05:30,5.9,5.9,5.75,5.8,18720,2334800
2026-01-16 11:48:00+05:30,5.75,5.85,5.75,5.8,12740,2334800
2026-01-16 11:49:00+05:30,5.8,5.8,5.7,5.75,28990,2336750
2026-01-16 11:50:00+05:30,5.8,5.8,5.65,5.65,22685,2336750
2026-01-16 11:51:00+05:30,5.65,5.7,5.55,5.7,20735,2336750
2026-01-16 11:52:00+05:30,5.7,5.75,5.45,5.45,35815,2336165
2026-01-16 11:53:00+05:30,5.5,5.6,5.5,5.55,51480,2336165
2026-01-16 11:54:00+05:30,5.55,5.6,5.5,5.55,30940,2336165
2026-01-16 11:55:00+05:30,5.55,5.55,5.35,5.4,93990,2342860
2026-01-16 11:56:00+05:30,5.4,5.5,5.4,5.45,61100,2342860
2026-01-16 11:57:00+05:30,5.45,5.5,5.45,5.5,36920,2342860
2026-01-16 11:58:00+05:30,5.55,5.6,5.5,5.6,69615,2345720
2026-01-16 11:59:00+05:30,5.65,5.8,5.55,5.75,77805,2345720
2026-01-16 12:00:00+05:30,5.65,5.7,5.55,5.6,67405,2345720
2026-01-16 12:01:00+05:30,5.6,5.65,5.5,5.6,47840,2366390
2026-01-16 12:02:00+05:30,5.65,5.7,5.6,5.65,70525,2366390
2026-01-16 12:03:00+05:30,5.65,5.65,5.35,5.4,83265,2366390
2026-01-16 12:04:00+05:30,5.55,5.55,5.35,5.4,46800,2366390
2026-01-16 12:05:00+05:30,5.35,5.45,5.35,5.45,14755,2353390
2026-01-16 12:06:00+05:30,5.45,5.45,5.35,5.35,25025,2353390
2026-01-16 12:07:00+05:30,5.4,5.4,5.3,5.35,67925,2345980
2026-01-16 12:08:00+05:30,5.35,5.4,5.25,5.25,57980,2345980
2026-01-16 12:09:00+05:30,5.25,5.3,5.15,5.15,113750,2345980
2026-01-16 12:10:00+05:30,5.15,5.2,5.05,5.09,54600,2300545
2026-01-16 12:11:00+05:30,5.09,5.15,5.09,5.15,22750,2300545
2026-01-16 12:12:00+05:30,5.15,5.15,5.09,5.09,25870,2300545
2026-01-16 12:13:00+05:30,5.15,5.2,5.09,5.09,45695,2274870
2026-01-16 12:14:00+05:30,5.15,5.15,5.09,5.15,64350,2274870
2026-01-16 12:15:00+05:30,5.15,5.15,5.09,5.09,6305,2274870
2026-01-16 12:16:00+05:30,5.15,5.15,5.09,5.15,8645,2274870
2026-01-16 12:17:00+05:30,5.15,5.15,5.09,5.15,7800,2272465
2026-01-16 12:18:00+05:30,5.15,5.15,5.09,5.09,29900,2272465
2026-01-16 12:19:00+05:30,5.09,5.15,5.05,5.09,36400,2272465
2026-01-16 12:20:00+05:30,5.15,5.15,5.05,5.09,13260,2258295
2026-01-16 12:21:00+05:30,5.09,5.09,5.05,5.05,6175,2258295
2026-01-16 12:22:00+05:30,5.05,5.09,5.0,5.09,33670,2258295
2026-01-16 12:23:00+05:30,5.09,5.09,4.95,5.0,60320,2270320
2026-01-16 12:24:00+05:30,5.05,5.05,5.0,5.05,11635,2270320
2026-01-16 12:25:00+05:30,5.05,5.09,5.05,5.09,9295,2270320
2026-01-16 12:26:00+05:30,5.09,5.15,5.05,5.15,51675,2270905
2026-01-16 12:27:00+05:30,5.15,5.5,5.15,5.45,190775,2270905
2026-01-16 12:28:00+05:30,5.4,5.95,5.4,5.95,275470,2270905
2026-01-16 12:29:00+05:30,6.05,6.35,6.0,6.1,388700,2255175
2026-01-16 12:30:00+05:30,6.15,6.8,6.15,6.8,381485,2255175
2026-01-16 12:31:00+05:30,6.6,6.6,6.0,6.1,328055,2255175
2026-01-16 12:32:00+05:30,6.15,6.15,5.65,5.7,252330,2302105
2026-01-16 12:33:00+05:30,5.7,5.75,5.5,5.65,209040,2302105
2026-01-16 12:34:00+05:30,5.65,5.7,5.5,5.5,105040,2302105
2026-01-16 12:35:00+05:30,5.4,5.55,5.35,5.4,109460,2295995
2026-01-16 12:36:00+05:30,5.4,5.6,5.35,5.6,102700,2295995
2026-01-16 12:37:00+05:30,5.6,5.75,5.55,5.7,93730,2295995
2026-01-16 12:38:00+05:30,5.6,5.6,5.45,5.55,166920,2258815
2026-01-16 12:39:00+05:30,5.55,5.55,5.4,5.45,74815,2258815
2026-01-16 12:40:00+05:30,5.45,5.5,5.4,5.5,17615,2258815
2026-01-16 12:41:00+05:30,5.5,5.8,5.5,5.6,88985,2238990
2026-01-16 12:42:00+05:30,5.65,5.65,5.55,5.65,62205,2238990
2026-01-16 12:43:00+05:30,5.6,5.7,5.55,5.55,37700,2238990
2026-01-16 12:44:00+05:30,5.55,5.7,5.55,5.65,72410,2238275
2026-01-16 12:45:00+05:30,5.7,5.75,5.5,5.55,112385,2238275
2026-01-16 12:46:00+05:30,5.6,5.65,5.55,5.6,44655,2238275
2026-01-16 12:47:00+05:30,5.65,5.65,5.45,5.45,72280,2217605
2026-01-16 12:48:00+05:30,5.45,5.55,5.35,5.55,69745,2217605
2026-01-16 12:49:00+05:30,5.55,5.65,5.5,5.55,72085,2217605
2026-01-16 12:50:00+05:30,5.55,5.8,5.55,5.65,150475,2180100
2026-01-16 12:51:00+05:30,5.65,5.95,5.6,5.8,184145,2180100
2026-01-16 12:52:00+05:30,5.7,5.75,5.5,5.65,113035,2180100
2026-01-16 12:53:00+05:30,5.65,5.65,5.3,5.3,139620,2182830
2026-01-16 12:54:00+05:30,5.3,5.3,5.09,5.15,128245,2182830
2026-01-16 12:55:00+05:30,5.15,5.3,5.15,5.3,124800,2182830
2026-01-16 12:56:00+05:30,5.3,5.4,5.25,5.35,64610,2183025
2026-01-16 12:57:00+05:30,5.35,5.45,5.3,5.4,93015,2183025
2026-01-16 12:58:00+05:30,5.4,5.5,5.3,5.5,68965,2183025
2026-01-16 12:59:00+05:30,5.5,5.7,5.5,5.7,55835,2187575
2026-01-16 13:00:00+05:30,5.65,5.75,5.65,5.7,61880,2187575
2026-01-16 13:01:00+05:30,5.7,5.75,5.65,5.7,79105,2187575
2026-01-16 13:02:00+05:30,5.75,5.9,5.6,5.9,134745,2194465
2026-01-16 13:03:00+05:30,5.9,6.0,5.7,5.75,198055,2194465
2026-01-16 13:04:00+05:30,5.7,5.8,5.6,5.8,148395,2194465
2026-01-16 13:05:00+05:30,5.85,5.95,5.75,5.9,89375,2193945
2026-01-16 13:06:00+05:30,5.9,5.95,5.75,5.75,94315,2193945
2026-01-16 13:07:00+05:30,5.8,5.8,5.55,5.6,164580,2193945
2026-01-16 13:08:00+05:30,5.6,5.7,5.5,5.5,39975,2195505
2026-01-16 13:09:00+05:30,5.5,5.6,5.5,5.6,83265,2195505
2026-01-16 13:10:00+05:30,5.6,5.85,5.6,5.7,151840,2195505
2026-01-16 13:11:00+05:30,5.7,5.75,5.5,5.7,129025,2190370
2026-01-16 13:12:00+05:30,5.65,5.7,5.55,5.65,85020,2190370
2026-01-16 13:13:00+05:30,5.7,5.8,5.6,5.7,176280,2190370
2026-01-16 13:14:00+05:30,5.75,5.75,5.4,5.4,149825,2176460
2026-01-16 13:15:00+05:30,5.4,5.5,5.4,5.4,168350,2176460
2026-01-16 13:16:00+05:30,5.4,5.55,5.3,5.5,127075,2176460
2026-01-16 13:17:00+05:30,5.5,5.55,5.35,5.55,108355,2165995
2026-01-16 13:18:00+05:30,5.55,5.9,5.55,5.65,168415,2165995
2026-01-16 13:19:00+05:30,5.6,5.7,5.55,5.55,139490,2165995
2026-01-16 13:20:00+05:30,5.55,5.7,5.4,5.65,140140,2168660
2026-01-16 13:21:00+05:30,5.65,5.75,5.6,5.75,104325,2168660
2026-01-16 13:22:00+05:30,5.6,5.65,5.45,5.55,153400,2168660
2026-01-16 13:23:00+05:30,5.6,6.25,5.6,5.85,335660,2161770
2026-01-16 13:24:00+05:30,5.8,6.15,5.75,6.15,102245,2161770
2026-01-16 13:25:00+05:30,6.15,8.75,6.15,8.25,952445,2161770
2026-01-16 13:26:00+05:30,8.3,8.9,8.0,8.19,477360,2131350
2026-01-16 13:27:00+05:30,8.1,8.1,7.05,7.2,389415,2131350
2026-01-16 13:28:00+05:30,7.25,7.25,6.45,6.45,398905,2131350
2026-01-16 13:29:00+05:30,6.45,6.65,6.15,6.3,321425,1851200
2026-01-16 13:30:00+05:30,6.15,6.75,6.15,6.45,308035,1851200
2026-01-16 13:31:00+05:30,6.4,6.4,6.0,6.0,126880,1851200
2026-01-16 13:32:00+05:30,5.95,6.1,5.9,5.95,143715,1713595
2026-01-16 13:33:00+05:30,5.9,5.95,5.7,5.75,90025,1713595
2026-01-16 13:34:00+05:30,5.85,6.25,5.85,6.15,87750,1713595
2026-01-16 13:35:00+05:30,6.2,6.95,6.15,6.6,314990,1672775
2026-01-16 13:36:00+05:30,6.55,6.8,6.3,6.4,174785,1672775
2026-01-16 13:37:00+05:30,6.4,6.55,6.35,6.35,70785,1672775
2026-01-16 13:38:00+05:30,6.4,6.4,6.15,6.3,94185,1658995
2026-01-16 13:39:00+05:30,6.3,6.5,6.2,6.25,48100,1658995
2026-01-16 13:40:00+05:30,6.35,6.4,6.15,6.35,77480,1658995
2026-01-16 13:41:00+05:30,6.3,6.55,6.3,6.35,146380,1664910
2026-01-16 13:42:00+05:30,6.3,6.6,6.2,6.55,87360,1664910
2026-01-16 13:43:00+05:30,6.55,6.6,6.25,6.45,39715,1664910
2026-01-16 13:44:00+05:30,6.5,6.5,6.3,6.35,30225,1686620
2026-01-16 13:45:00+05:30,6.35,6.4,6.1,6.15,77285,1686620
2026-01-16 13:46:00+05:30,6.2,6.2,6.05,6.05,37375,1686620
2026-01-16 13:47:00+05:30,6.1,6.1,5.8,5.8,91130,1680835
2026-01-16 13:48:00+05:30,5.8,5.9,5.65,5.7,81705,1680835
2026-01-16 13:49:00+05:30,5.7,5.95,5.6,5.95,69940,1680835
2026-01-16 13:50:00+05:30,5.9,5.9,5.65,5.65,51155,1657695
2026-01-16 13:51:00+05:30,5.7,6.2,5.7,6.2,54015,1657695
2026-01-16 13:52:00+05:30,6.15,6.4,5.95,6.05,124995,1657695
2026-01-16 13:53:00+05:30,6.15,6.55,6.15,6.5,67470,1656720
2026-01-16 13:54:00+05:30,6.55,6.9,6.45,6.45,215085,1656720
2026-01-16 13:55:00+05:30,6.5,6.55,6.4,6.5,76635,1656720
2026-01-16 13:56:00+05:30,6.5,6.55,6.35,6.5,49140,1678040
2026-01-16 13:57:00+05:30,6.6,6.75,6.5,6.55,65845,1678040
2026-01-16 13:58:00+05:30,6.55,6.7,6.45,6.6,34255,1678040
2026-01-16 13:59:00+05:30,6.65,6.7,6.55,6.6,15275,1672385
2026-01-16 14:00:00+05:30,6.6,6.75,6.5,6.5,66170,1672385
2026-01-16 14:01:00+05:30,6.55,6.75,6.45,6.55,33540,1672385
2026-01-16 14:02:00+05:30,6.6,6.6,6.45,6.6,26455,1666145
2026-01-16 14:03:00+05:30,6.55,6.7,6.35,6.4,65065,1666145
2026-01-16 14:04:00+05:30,6.3,6.3,6.05,6.3,102440,1666145
2026-01-16 14:05:00+05:30,6.3,6.45,6.2,6.25,140920,1664910
2026-01-16 14:06:00+05:30,6.3,6.35,6.2,6.3,42965,1664910
2026-01-16 14:07:00+05:30,6.25,6.4,6.05,6.05,62400,1664910
2026-01-16 14:08:00+05:30,6.0,6.0,5.9,5.9,120575,1665885
2026-01-16 14:09:00+05:30,5.95,6.9,5.9,6.8,468520,1665885
2026-01-16 14:10:00+05:30,6.8,6.85,6.5,6.5,288795,1665885
2026-01-16 14:11:00+05:30,6.45,6.6,6.15,6.25,219570,1673750
2026-01-16 14:12:00+05:30,6.25,6.55,6.2,6.55,124085,1673750
2026-01-16 14:13:00+05:30,6.6,6.65,6.4,6.55,86320,1673750
2026-01-16 14:14:00+05:30,6.6,6.65,6.45,6.45,64285,1644240
2026-01-16 14:15:00+05:30,6.5,6.8,6.5,6.75,126880,1644240
2026-01-16 14:16:00+05:30,6.75,6.9,6.65,6.65,138125,1644240
2026-01-16 14:17:00+05:30,6.65,7.15,6.65,7.15,117260,1602965
2026-01-16 14:18:00+05:30,7.2,7.4,6.75,6.75,187720,1602965
2026-01-16 14:19:00+05:30,6.7,6.75,6.35,6.4,171340,1602965
2026-01-16 14:20:00+05:30,6.45,6.5,6.3,6.4,98670,1613495
2026-01-16 14:21:00+05:30,6.55,6.75,6.5,6.65,80080,1613495
2026-01-16 14:22:00+05:30,6.6,6.8,6.55,6.6,79690,1613495
2026-01-16 14:23:00+05:30,6.5,6.75,6.4,6.45,84565,1625325
2026-01-16 14:24:00+05:30,6.4,6.45,5.95,6.15,120445,1625325
2026-01-16 14:25:00+05:30,6.2,6.2,5.9,5.95,115115,1625325
2026-01-16 14:26:00+05:30,5.95,6.1,5.85,6.05,111085,1642550
2026-01-16 14:27:00+05:30,6.0,6.1,5.85,6.05,86645,1642550
2026-01-16 14:28:00+05:30,6.15,6.65,6.1,6.5,195455,1642550
2026-01-16 14:29:00+05:30,6.55,6.7,6.25,6.35,174005,1617655
2026-01-16 14:30:00+05:30,6.3,6.6,6.2,6.6,196755,1617655
2026-01-16 14:31:00+05:30,6.5,6.6,6.4,6.45,59670,1617655
2026-01-16 14:32:00+05:30,6.45,6.45,5.95,6.0,290680,1652625
2026-01-16 14:33:00+05:30,6.05,6.05,5.75,5.8,159640,1652625
2026-01-16 14:34:00+05:30,5.8,5.9,5.75,5.75,108940,1652625
2026-01-16 14:35:00+05:30,5.8,5.8,5.65,5.7,137280,1622205
2026-01-16 14:36:00+05:30,5.75,5.8,5.65,5.7,121160,1622205
2026-01-16 14:37:00+05:30,5.75,6.05,5.75,6.05,53235,1622205
2026-01-16 14:38:00+05:30,6.1,6.55,5.95,6.0,173160,1629420
2026-01-16 14:39:00+05:30,6.1,6.1,5.75,5.85,100945,1629420
2026-01-16 14:40:00+05:30,5.75,5.9,5.7,5.7,16835,1629420
2026-01-16 14:41:00+05:30,5.65,5.7,5.5,5.65,43485,1615120
2026-01-16 14:42:00+05:30,5.65,5.65,5.3,5.4,89765,1615120
2026-01-16 14:43:00+05:30,5.45,5.45,5.3,5.35,163930,1615120
2026-01-16 14:44:00+05:30,5.35,5.4,5.2,5.3,127140,1580085
2026-01-16 14:45:00+05:30,5.25,5.4,5.25,5.35,87880,1580085
2026-01-16 14:46:00+05:30,5.3,5.65,5.3,5.65,75920,1580085
2026-01-16 14:47:00+05:30,5.65,5.7,5.45,5.55,116610,1587365
2026-01-16 14:48:00+05:30,5.5,5.6,5.4,5.45,80860,1587365
2026-01-16 14:49:00+05:30,5.5,5.6,5.45,5.5,45175,1587365
2026-01-16 14:50:00+05:30,5.5,5.9,5.4,5.9,137995,1594320
2026-01-16 14:51:00+05:30,5.9,6.1,5.65,5.7,151320,1594320
2026-01-16 14:52:00+05:30,5.75,5.85,5.6,5.8,82225,1594320
2026-01-16 14:53:00+05:30,5.85,5.95,5.8,5.9,93795,1594970
2026-01-16 14:54:00+05:30,5.9,6.15,5.9,5.95,330525,1594970
2026-01-16 14:55:00+05:30,5.9,5.95,5.75,5.8,38740,1594970
2026-01-16 14:56:00+05:30,5.8,5.8,5.65,5.7,61360,1562925
2026-01-16 14:57:00+05:30,5.7,5.75,5.5,5.5,206570,1562925
2026-01-16 14:58:00+05:30,5.45,5.8,5.45,5.7,167115,1562925
2026-01-16 14:59:00+05:30,5.65,5.65,5.45,5.5,190645,1535885
2026-01-16 15:00:00+05:30,5.65,5.75,5.55,5.55,271635,1535885
2026-01-16 15:01:00+05:30,5.7,5.8,5.55,5.75,228540,1535885
2026-01-16 15:02:00+05:30,5.75,6.15,5.75,6.1,322010,1599845
2026-01-16 15:03:00+05:30,5.95,6.2,5.95,6.1,284635,1599845
2026-01-16 15:04:00+05:30,6.05,6.6,6.05,6.3,223210,1599845
2026-01-16 15:05:00+05:30,6.35,6.5,6.2,6.3,241020,1549015
2026-01-16 15:06:00+05:30,6.3,6.65,6.2,6.2,127855,1549015
2026-01-16 15:07:00+05:30,6.25,6.35,6.2,6.2,65195,1549015
2026-01-16 15:08:00+05:30,6.2,6.5,6.2,6.35,105170,1539330
2026-01-16 15:09:00+05:30,6.3,6.35,6.05,6.05,94120,1539330
2026-01-16 15:10:00+05:30,6.0,6.15,5.55,5.55,275405,1539330
2026-01-16 15:11:00+05:30,5.65,5.8,5.55,5.65,112840,1559155
2026-01-16 15:12:00+05:30,5.65,5.7,5.5,5.7,125775,1559155
2026-01-16 15:13:00+05:30,5.7,5.75,5.6,5.75,82485,1559155
2026-01-16 15:14:00+05:30,5.75,5.9,5.75,5.8,79820,1593280
2026-01-16 15:15:00+05:30,5.75,5.75,5.4,5.45,171665,1593280
2026-01-16 15:16:00+05:30,5.45,5.65,5.3,5.55,117195,1593280
2026-01-16 15:17:00+05:30,5.6,5.6,5.45,5.55,94120,1608685
2026-01-16 15:18:00+05:30,5.5,5.75,5.45,5.75,212680,1608685
2026-01-16 15:19:00+05:30,5.75,5.9,5.75,5.8,218920,1608685
2026-01-16 15:20:00+05:30,5.8,5.8,5.6,5.6,80795,1612000
2026-01-16 15:21:00+05:30,5.55,5.7,5.35,5.4,280215,1612000
2026-01-16 15:22:00+05:30,5.4,5.45,5.15,5.15,243685,1612000
2026-01-16 15:23:00+05:30,5.15,5.45,5.15,5.45,152555,1528995
2026-01-16 15:24:00+05:30,5.4,5.5,5.3,5.45,130910,1528995
2026-01-16 15:25:00+05:30,5.5,5.6,5.4,5.5,141570,1528995
2026-01-16 15:26:00+05:30,5.55,5.65,5.4,5.6,165555,1500330
2026-01-16 15:27:00+05:30,5.65,5.65,5.4,5.5,140595,1500330
2026-01-16 15:28:00+05:30,5.55,5.6,5.45,5.55,148525,1500330
2026-01-16 15:29:00+05:30,5.55,5.55,5.15,5.35,121095,1551290
2026-01-19 09:15:00+05:30,4.0,7.5,4.0,7.3,1121575,1523730
2026-01-19 09:16:00+05:30,7.45,7.6,5.95,6.35,834275,1583465
2026-01-19 09:17:00+05:30,6.15,6.3,5.9,5.95,779805,1583465
2026-01-19 09:18:00+05:30,5.95,6.05,5.7,5.8,555490,1583465
2026-01-19 09:19:00+05:30,5.75,5.9,5.7,5.8,484120,1762150
2026-01-19 09:20:00+05:30,5.8,6.2,5.8,5.8,645385,1762150
2026-01-19 09:21:00+05:30,5.85,6.25,5.85,5.95,462995,1762150
2026-01-19 09:22:00+05:30,6.05,6.05,5.8,5.9,298545,1912105
2026-01-19 09:23:00+05:30,5.9,5.9,5.4,5.5,566150,1912105
2026-01-19 09:24:00+05:30,5.45,5.75,5.3,5.65,266825,1912105
2026-01-19 09:25:00+05:30,5.75,6.05,5.65,5.95,264940,2102880
2026-01-19 09:26:00+05:30,5.95,5.95,5.5,5.9,299715,2102880
2026-01-19 09:27:00+05:30,5.9,5.9,5.65,5.75,184080,2102880
2026-01-19 09:28:00+05:30,5.7,5.9,5.55,5.9,253175,2274025
2026-01-19 09:29:00+05:30,5.95,6.2,5.65,6.2,395525,2274025
2026-01-19 09:30:00+05:30,6.3,6.55,5.95,6.25,669565,2274025
2026-01-19 09:31:00+05:30,6.3,6.85,6.2,6.4,672685,2518425
2026-01-19 09:32:00+05:30,6.4,6.4,5.35,5.4,677560,2518425
2026-01-19 09:33:00+05:30,5.4,5.4,5.09,5.35,475475,2518425
2026-01-19 09:34:00+05:30,5.3,5.3,4.75,4.75,374335,2783235
2026-01-19 09:35:00+05:30,4.75,5.09,4.75,5.05,452790,2783235
2026-01-19 09:36:00+05:30,5.0,5.3,4.95,5.25,196690,2783235
2026-01-19 09:37:00+05:30,5.25,5.45,5.25,5.3,218530,2800460
2026-01-19 09:38:00+05:30,5.35,5.6,5.3,5.55,340340,2800460
2026-01-19 09:39:00+05:30,5.65,5.65,5.4,5.5,172185,2800460
2026-01-19 09:40:00+05:30,5.55,5.75,5.45,5.6,179595,2995525
2026-01-19 09:41:00+05:30,5.55,5.65,5.3,5.35,219895,2995525
2026-01-19 09:42:00+05:30,5.3,5.45,5.15,5.45,183235,2995525
2026-01-19 09:43:00+05:30,5.35,5.6,5.25,5.5,169520,3017820
2026-01-19 09:44:00+05:30,5.45,5.45,5.2,5.4,168480,3017820
2026-01-19 09:45:00+05:30,5.4,5.45,5.25,5.3,143325,3017820
2026-01-19 09:46:00+05:30,5.25,5.4,5.2,5.3,97370,3046680
2026-01-19 09:47:00+05:30,5.35,5.4,5.25,5.25,145405,3046680
2026-01-19 09:48:00+05:30,5.25,5.55,5.25,5.35,136175,3046680
2026-01-19 09:49:00+05:30,5.35,5.45,5.25,5.4,110045,3091660
2026-01-19 09:50:00+05:30,5.4,5.45,5.35,5.35,103675,3091660
2026-01-19 09:51:00+05:30,5.3,5.35,4.84,4.84,276835,3091660
2026-01-19 09:52:00+05:30,4.84,5.0,4.8,4.84,199420,3083015
2026-01-19 09:53:00+05:30,4.84,5.15,4.84,5.15,159120,3083015
2026-01-19 09:54:00+05:30,5.09,5.6,5.05,5.6,323115,3083015
2026-01-19 09:55:00+05:30,5.5,5.55,5.2,5.25,290225,3168555
2026-01-19 09:56:00+05:30,5.3,5.65,5.3,5.5,138255,3168555
2026-01-19 09:57:00+05:30,5.45,5.5,5.35,5.4,107315,3168555
2026-01-19 09:58:00+05:30,5.35,5.6,5.35,5.6,80665,3245385
2026-01-19 09:59:00+05:30,5.6,6.0,5.5,5.85,278785,3245385
2026-01-19 10:00:00+05:30,5.85,7.5,5.85,7.5,956475,3245385
2026-01-19 10:01:00+05:30,7.7,8.05,7.3,7.75,628420,3062020
2026-01-19 10:02:00+05:30,7.8,7.8,7.1,7.45,465465,3062020
2026-01-19 10:03:00+05:30,7.5,7.7,7.35,7.45,436865,3062020
2026-01-19 10:04:00+05:30,7.4,7.4,7.1,7.1,349570,3000010
2026-01-19 10:05:00+05:30,7.15,7.75,7.1,7.35,231140,3000010
2026-01-19 10:06:00+05:30,7.4,7.5,7.1,7.15,131495,3000010
2026-01-19 10:07:00+05:30,7.25,7.45,7.15,7.45,215150,2997995
2026-01-19 10:08:00+05:30,7.45,7.45,6.3,6.35,649740,2997995
2026-01-19 10:09:00+05:30,6.35,6.45,6.0,6.2,406640,2997995
2026-01-19 10:10:00+05:30,6.25,6.6,6.25,6.25,192270,3036475
2026-01-19 10:11:00+05:30,6.3,6.6,6.25,6.3,299325,3036475
2026-01-19 10:12:00+05:30,6.3,6.4,5.9,6.2,198315,3036475
2026-01-19 10:13:00+05:30,6.1,6.25,5.95,5.95,156585,3102385
2026-01-19 10:14:00+05:30,6.0,6.4,5.9,5.95,209430,3102385
2026-01-19 10:15:00+05:30,5.95,6.15,5.8,5.8,249210,3102385
2026-01-19 10:16:00+05:30,5.8,6.05,5.7,6.05,262535,3011840
2026-01-19 10:17:00+05:30,6.0,6.15,5.85,5.85,219180,3011840
2026-01-19 10:18:00+05:30,5.8,5.85,5.4,5.4,279565,3011840
2026-01-19 10:19:00+05:30,5.35,5.65,5.35,5.65,348400,2979405
2026-01-19 10:20:00+05:30,5.55,5.55,5.05,5.05,387400,2979405
2026-01-19 10:21:00+05:30,5.05,5.4,5.0,5.3,257920,2979405
2026-01-19 10:22:00+05:30,5.35,5.75,5.3,5.75,256750,2936115
2026-01-19 10:23:00+05:30,5.8,5.85,5.55,5.65,262015,2936115
2026-01-19 10:24:00+05:30,5.65,5.7,5.25,5.25,147745,2936115
2026-01-19 10:25:00+05:30,5.3,5.85,5.3,5.85,118300,2923440
2026-01-19 10:26:00+05:30,5.85,6.15,5.75,6.1,237770,2923440
2026-01-19 10:27:00+05:30,6.1,6.4,6.0,6.4,264290,2923440
2026-01-19 10:28:00+05:30,6.45,7.4,6.45,7.35,380315,2935140
2026-01-19 10:29:00+05:30,7.25,7.65,6.7,6.75,424385,2935140
2026-01-19 10:30:00+05:30,6.7,6.75,6.15,6.15,321295,2935140
2026-01-19 10:31:00+05:30,6.15,6.15,5.75,5.95,341575,3003325
2026-01-19 10:32:00+05:30,6.0,6.35,6.0,6.25,265265,3003325
2026-01-19 10:33:00+05:30,6.3,6.55,6.25,6.5,309725,3003325
2026-01-19 10:34:00+05:30,6.5,6.75,6.4,6.45,259610,3057275
2026-01-19 10:35:00+05:30,6.45,6.6,6.25,6.25,145080,3057275
2026-01-19 10:36:00+05:30,6.2,6.4,6.1,6.35,136500,3057275
2026-01-19 10:37:00+05:30,6.3,6.45,6.1,6.35,143520,3116295
2026-01-19 10:38:00+05:30,6.4,6.55,6.35,6.4,112190,3116295
2026-01-19 10:39:00+05:30,6.5,6.85,6.35,6.6,190255,3116295
2026-01-19 10:40:00+05:30,6.65,7.0,6.55,6.65,398190,3147625
2026-01-19 10:41:00+05:30,6.6,6.6,6.25,6.3,200980,3147625
2026-01-19 10:42:00+05:30,6.2,6.25,5.9,5.95,337220,3147625
2026-01-19 10:43:00+05:30,5.95,6.4,5.9,6.15,179205,3166410
2026-01-19 10:44:00+05:30,6.1,6.2,5.95,6.05,123045,3166410
2026-01-19 10:45:00+05:30,6.05,6.05,5.65,5.65,241605,3166410
2026-01-19 10:46:00+05:30,5.7,6.0,5.7,6.0,122785,3176810
2026-01-19 10:47:00+05:30,5.95,6.15,5.85,6.0,117260,3176810
2026-01-19 10:48:00+05:30,6.1,6.1,5.85,5.9,272155,3176810
2026-01-19 10:49:00+05:30,5.9,6.0,5.8,5.85,93080,3211520
2026-01-19 10:50:00+05:30,5.9,5.95,5.75,5.85,97110,3211520
2026-01-19 10:51:00+05:30,5.75,5.85,5.55,5.6,235560,3211520
2026-01-19 10:52:00+05:30,5.65,5.75,5.45,5.5,246935,3200730
2026-01-19 10:53:00+05:30,5.5,5.65,5.4,5.4,105430,3200730
2026-01-19 10:54:00+05:30,5.4,5.65,5.4,5.4,188760,3200730
2026-01-19 10:55:00+05:30,5.35,5.35,5.2,5.25,168805,3186950
2026-01-19 10:56:00+05:30,5.2,5.3,5.09,5.09,140920,3186950
2026-01-19 10:57:00+05:30,5.05,5.2,5.0,5.15,166140,3186950
2026-01-19 10:58:00+05:30,5.2,5.2,4.95,5.05,147095,3215810
2026-01-19 10:59:00+05:30,5.05,5.09,4.9,4.95,307385,3215810
2026-01-19 11:00:00+05:30,5.0,5.15,4.9,5.0,221910,3215810
2026-01-19 11:01:00+05:30,5.0,5.2,4.95,5.2,172445,3200275
2026-01-19 11:02:00+05:30,5.2,5.2,5.05,5.05,110695,3200275
2026-01-19 11:03:00+05:30,5.09,5.09,4.7,4.7,274170,3200275
2026-01-19 11:04:00+05:30,4.7,4.9,4.65,4.75,459875,3212105
2026-01-19 11:05:00+05:30,4.8,4.9,4.7,4.75,269295,3212105
2026-01-19 11:06:00+05:30,4.75,4.9,4.75,4.84,226135,3212105
2026-01-19 11:07:00+05:30,4.84,4.9,4.65,4.75,185185,3345940
2026-01-19 11:08:00+05:30,4.75,5.09,4.75,5.0,144365,3345940
2026-01-19 11:09:00+05:30,5.0,5.05,4.95,5.05,102115,3345940
2026-01-19 11:10:00+05:30,5.05,5.3,5.0,5.05,408460,3405415
2026-01-19 11:11:00+05:30,4.95,5.3,4.9,5.3,300430,3405415
2026-01-19 11:12:00+05:30,5.3,5.4,5.3,5.4,413465,3405415
2026-01-19 11:13:00+05:30,5.4,5.45,5.09,5.35,253760,3494920
2026-01-19 11:14:00+05:30,5.35,5.4,5.0,5.05,153270,3494920
2026-01-19 11:15:00+05:30,5.05,5.4,5.05,5.4,107055,3494920
2026-01-19 11:16:00+05:30,5.35,5.35,5.2,5.3,132665,3528460
2026-01-19 11:17:00+05:30,5.25,5.5,5.25,5.5,124345,3528460
2026-01-19 11:18:00+05:30,5.45,5.55,5.35,5.55,172315,3528460
2026-01-19 11:19:00+05:30,5.55,5.65,5.5,5.55,92950,3539835
2026-01-19 11:20:00+05:30,5.8,5.9,5.6,5.9,255970,3539835
2026-01-19 11:21:00+05:30,5.9,5.95,5.45,5.45,247650,3539835
2026-01-19 11:22:00+05:30,5.5,5.6,5.25,5.25,239590,3514745
2026-01-19 11:23:00+05:30,5.3,5.45,5.2,5.35,207415,3514745
2026-01-19 11:24:00+05:30,5.35,5.6,5.35,5.5,88335,3514745
2026-01-19 11:25:00+05:30,5.45,5.6,5.45,5.55,93080,3525470
2026-01-19 11:26:00+05:30,5.55,5.75,5.55,5.75,126880,3525470
2026-01-19 11:27:00+05:30,5.7,5.75,5.35,5.4,99905,3525470
2026-01-19 11:28:00+05:30,5.4,5.45,5.3,5.35,112255,3534765
2026-01-19 11:29:00+05:30,5.3,5.45,5.25,5.35,85605,3534765
2026-01-19 11:30:00+05:30,5.4,5.55,5.35,5.55,153660,3534765
2026-01-19 11:31:00+05:30,5.5,5.7,5.5,5.65,71110,3550885
2026-01-19 11:32:00+05:30,5.5,5.55,5.35,5.4,96655,3550885
2026-01-19 11:33:00+05:30,5.4,5.55,5.2,5.2,173095,3550885
2026-01-19 11:34:00+05:30,5.2,5.3,5.09,5.2,117455,3554460
2026-01-19 11:35:00+05:30,5.15,5.25,4.95,4.95,193245,3554460
2026-01-19 11:36:00+05:30,4.95,5.0,4.84,4.9,290745,3554460
2026-01-19 11:37:00+05:30,4.9,4.95,4.84,4.9,185315,3483220
2026-01-19 11:38:00+05:30,4.84,4.84,4.65,4.65,259025,3483220
2026-01-19 11:39:00+05:30,4.59,4.59,4.5,4.55,168415,3483220
2026-01-19 11:40:00+05:30,4.5,4.7,4.5,4.55,81185,3440320
2026-01-19 11:41:00+05:30,4.55,4.7,4.55,4.7,75465,3440320
2026-01-19 11:42:00+05:30,4.65,4.8,4.65,4.7,97240,3440320
2026-01-19 11:43:00+05:30,4.75,4.84,4.55,4.55,226005,3450460
2026-01-19 11:44:00+05:30,4.55,4.59,4.5,4.59,223210,3450460
2026-01-19 11:45:00+05:30,4.65,4.95,4.65,4.95,193440,3450460
2026-01-19 11:46:00+05:30,4.9,4.95,4.8,4.8,91260,3382275
2026-01-19 11:47:00+05:30,4.8,4.84,4.65,4.84,104910,3382275
2026-01-19 11:48:00+05:30,4.8,4.9,4.7,4.84,96395,3382275
2026-01-19 11:49:00+05:30,4.84,4.9,4.65,4.7,70200,3382275
2026-01-19 11:50:00+05:30,4.75,4.84,4.7,4.75,80925,3373825
2026-01-19 11:51:00+05:30,4.75,4.9,4.75,4.8,120770,3373825
2026-01-19 11:52:00+05:30,4.8,4.8,4.7,4.7,108615,3373825
2026-01-19 11:53:00+05:30,4.7,4.75,4.55,4.65,208390,3395730
2026-01-19 11:54:00+05:30,4.65,4.75,4.59,4.59,65130,3395730
2026-01-19 11:55:00+05:30,4.65,4.84,4.65,4.8,69810,3395730
2026-01-19 11:56:00+05:30,4.8,4.84,4.75,4.75,66300,3326375
2026-01-19 11:57:00+05:30,4.8,5.05,4.8,5.05,114595,3326375
2026-01-19 11:58:00+05:30,5.05,5.35,5.05,5.3,200785,3326375
2026-01-19 11:59:00+05:30,5.3,5.3,4.95,5.09,184730,3413995
2026-01-19 12:00:00+05:30,5.09,5.35,5.09,5.3,72085,3413995
2026-01-19 12:01:00+05:30,5.3,5.4,5.09,5.25,158925,3413995
2026-01-19 12:02:00+05:30,5.3,5.5,5.2,5.4,204360,3474315
2026-01-19 12:03:00+05:30,5.4,5.4,5.25,5.35,69745,3474315
2026-01-19 12:04:00+05:30,5.35,5.45,5.3,5.35,129480,3474315
2026-01-19 12:05:00+05:30,5.35,5.45,5.25,5.3,213785,3470675
2026-01-19 12:06:00+05:30,5.3,5.35,5.25,5.35,84955,3470675
2026-01-19 12:07:00+05:30,5.4,5.45,5.3,5.3,112060,3470675
2026-01-19 12:08:00+05:30,5.3,5.45,5.25,5.45,79300,3495505
2026-01-19 12:09:00+05:30,5.45,5.45,5.3,5.35,115700,3495505
2026-01-19 12:10:00+05:30,5.35,5.4,5.09,5.2,189800,3495505
2026-01-19 12:11:00+05:30,5.2,5.25,5.05,5.2,162305,3523780
2026-01-19 12:12:00+05:30,5.2,5.2,4.9,4.9,154505,3523780
2026-01-19 12:13:00+05:30,4.95,5.0,4.75,4.8,198315,3523780
2026-01-19 12:14:00+05:30,4.84,4.9,4.75,4.75,161720,3467425
2026-01-19 12:15:00+05:30,4.8,4.8,4.65,4.65,165620,3467425
2026-01-19 12:16:00+05:30,4.65,4.7,4.59,4.59,140335,3467425
2026-01-19 12:17:00+05:30,4.59,4.59,4.09,4.09,549705,3432260
2026-01-19 12:18:00+05:30,4.15,4.25,4.15,4.15,253630,3432260
2026-01-19 12:19:00+05:30,4.15,4.3,4.09,4.2,165750,3432260
2026-01-19 12:20:00+05:30,4.2,4.4,4.2,4.34,60515,3321760
2026-01-19 12:21:00+05:30,4.34,4.34,4.15,4.25,117065,3321760
2026-01-19 12:22:00+05:30,4.3,4.34,4.25,4.3,28730,3321760
2026-01-19 12:23:00+05:30,4.34,4.55,4.34,4.5,173875,3312725
2026-01-19 12:24:00+05:30,4.5,4.7,4.5,4.7,215735,3312725
2026-01-19 12:25:00+05:30,4.7,4.8,4.65,4.8,102050,3312725
2026-01-19 12:26:00+05:30,4.8,4.9,4.7,4.84,123955,3340350
2026-01-19 12:27:00+05:30,4.84,4.9,4.75,4.84,71890,3340350
2026-01-19 12:28:00+05:30,4.84,5.0,4.84,4.9,91325,3340350
2026-01-19 12:29:00+05:30,4.95,4.95,4.75,4.84,90935,3315455
2026-01-19 12:30:00+05:30,4.8,4.84,4.7,4.8,76180,3315455
2026-01-19 12:31:00+05:30,4.75,4.84,4.7,4.75,69875,3315455
2026-01-19 12:32:00+05:30,4.75,4.8,4.59,4.65,254280,3329430
2026-01-19 12:33:00+05:30,4.65,4.8,4.65,4.75,92625,3329430
2026-01-19 12:34:00+05:30,4.65,4.8,4.65,4.8,57070,3329430
2026-01-19 12:35:00+05:30,4.8,4.9,4.75,4.9,57005,3316235
2026-01-19 12:36:00+05:30,4.84,5.05,4.84,4.95,71435,3316235
2026-01-19 12:37:00+05:30,4.9,5.0,4.84,4.95,49465,3316235
2026-01-19 12:38:00+05:30,4.84,4.95,4.75,4.9,54925,3325010
2026-01-19 12:39:00+05:30,4.95,5.0,4.9,5.0,65520,3325010
2026-01-19 12:40:00+05:30,5.0,5.09,4.9,5.05,97500,3325010
2026-01-19 12:41:00+05:30,5.05,5.05,4.75,4.8,127140,3344510
2026-01-19 12:42:00+05:30,4.8,5.0,4.75,4.95,69615,3344510
2026-01-19 12:43:00+05:30,4.95,5.0,4.8,4.8,35165,3344510
2026-01-19 12:44:00+05:30,4.84,4.84,4.7,4.75,159445,3380195
2026-01-19 12:45:00+05:30,4.8,4.8,4.55,4.75,142675,3380195
2026-01-19 12:46:00+05:30,4.75,4.8,4.59,4.8,67275,3380195
2026-01-19 12:47:00+05:30,4.84,5.0,4.75,4.9,237445,3339700
2026-01-19 12:48:00+05:30,4.95,5.25,4.95,5.15,219700,3339700
2026-01-19 12:49:00+05:30,5.15,5.15,4.8,4.95,85865,3339700
2026-01-19 12:50:00+05:30,4.95,5.09,4.95,4.95,59020,3353610
2026-01-19 12:51:00+05:30,5.0,5.0,4.65,4.7,75270,3353610
2026-01-19 12:52:00+05:30,4.65,4.7,4.5,4.5,122135,3353610
2026-01-19 12:53:00+05:30,4.5,4.55,4.3,4.34,135070,3328650
2026-01-19 12:54:00+05:30,4.3,4.34,4.3,4.34,251485,3328650
2026-01-19 12:55:00+05:30,4.34,4.4,4.3,4.34,38025,3328650
2026-01-19 12:56:00+05:30,4.3,4.3,4.2,4.3,90285,3324620
2026-01-19 12:57:00+05:30,4.34,4.4,4.25,4.34,100165,3324620
2026-01-19 12:58:00+05:30,4.34,4.45,4.3,4.4,92820,3324620
2026-01-19 12:59:00+05:30,4.4,4.45,4.3,4.34,52130,3311295
2026-01-19 13:00:00+05:30,4.34,4.5,4.34,4.45,131885,3311295
2026-01-19 13:01:00+05:30,4.45,4.55,4.4,4.45,92040,3311295
2026-01-19 13:02:00+05:30,4.5,4.5,4.45,4.5,80210,3352895
2026-01-19 13:03:00+05:30,4.45,4.5,4.45,4.5,55510,3352895
2026-01-19 13:04:00+05:30,4.5,4.55,4.5,4.55,196040,3352895
2026-01-19 13:05:00+05:30,4.5,4.59,4.5,4.55,55510,3395665
2026-01-19 13:06:00+05:30,4.55,4.59,4.5,4.59,63115,3395665
2026-01-19 13:07:00+05:30,4.55,4.59,4.34,4.4,113555,3395665
2026-01-19 13:08:00+05:30,4.4,4.45,4.34,4.34,48425,3386175
2026-01-19 13:09:00+05:30,4.34,4.4,4.3,4.4,138645,3386175
2026-01-19 13:10:00+05:30,4.4,4.7,4.4,4.7,106730,3386175
2026-01-19 13:11:00+05:30,4.65,4.84,4.65,4.7,280930,3416010
2026-01-19 13:12:00+05:30,4.7,4.8,4.55,4.8,146250,3416010
2026-01-19 13:13:00+05:30,4.8,4.84,4.5,4.5,83005,3416010
2026-01-19 13:14:00+05:30,4.55,4.65,4.4,4.59,43290,3442335
2026-01-19 13:15:00+05:30,4.59,4.59,4.5,4.59,112515,3442335
2026-01-19 13:16:00+05:30,4.55,4.65,4.5,4.59,34775,3442335
2026-01-19 13:17:00+05:30,4.7,4.7,4.59,4.65,190580,3439540
2026-01-19 13:18:00+05:30,4.65,4.65,4.4,4.45,81185,3439540
2026-01-19 13:19:00+05:30,4.34,4.45,4.25,4.25,119600,3439540
2026-01-19 13:20:00+05:30,4.3,4.3,4.15,4.25,129870,3435575
2026-01-19 13:21:00+05:30,4.2,4.3,4.09,4.15,95225,3435575
2026-01-19 13:22:00+05:30,4.2,4.25,4.15,4.2,44915,3435575
2026-01-19 13:23:00+05:30,4.25,4.34,4.2,4.25,41990,3415750
2026-01-19 13:24:00+05:30,4.25,4.4,4.25,4.4,34580,3415750
2026-01-19 13:25:00+05:30,4.4,4.5,4.34,4.5,32370,3415750
2026-01-19 13:26:00+05:30,4.55,4.59,4.5,4.55,58695,3415165
2026-01-19 13:27:00+05:30,4.59,4.65,4.5,4.59,47580,3415165
2026-01-19 13:28:00+05:30,4.55,4.55,4.4,4.45,85540,3415165
2026-01-19 13:29:00+05:30,4.45,4.45,4.34,4.34,96070,3432195
2026-01-19 13:30:00+05:30,4.25,4.25,4.09,4.15,215345,3432195
2026-01-19 13:31:00+05:30,4.2,4.2,4.05,4.15,147030,3432195
2026-01-19 13:32:00+05:30,4.15,4.15,3.95,4.0,217035,3369210
2026-01-19 13:33:00+05:30,4.05,4.09,3.95,3.95,107445,3369210
2026-01-19 13:34:00+05:30,4.0,4.09,4.0,4.05,40820,3369210
2026-01-19 13:35:00+05:30,4.05,4.09,3.95,4.0,102960,3312140
2026-01-19 13:36:00+05:30,4.0,4.15,3.95,4.05,131105,3312140
2026-01-19 13:37:00+05:30,4.05,4.09,4.0,4.05,59475,3312140
2026-01-19 13:38:00+05:30,4.0,4.15,4.0,4.09,31070,3314350
2026-01-19 13:39:00+05:30,4.09,4.09,4.05,4.05,37960,3314350
2026-01-19 13:40:00+05:30,4.05,4.15,4.0,4.09,68640,3314350
2026-01-19 13:41:00+05:30,4.09,4.2,4.09,4.2,54080,3311815
2026-01-19 13:42:00+05:30,4.15,4.25,4.09,4.2,32955,3311815
2026-01-19 13:43:00+05:30,4.2,4.25,4.2,4.25,81900,3311815
2026-01-19 13:44:00+05:30,4.2,4.3,4.15,4.2,56160,3343535
2026-01-19 13:45:00+05:30,4.25,4.3,4.2,4.2,75010,3343535
2026-01-19 13:46:00+05:30,4.2,4.2,4.05,4.15,108355,3343535
2026-01-19 13:47:00+05:30,4.09,4.2,3.95,3.95,178230,3361735
2026-01-19 13:48:00+05:30,3.95,3.95,3.75,3.75,275470,3361735
2026-01-19 13:49:00+05:30,3.75,3.8,3.45,3.5,514475,3361735
2026-01-19 13:50:00+05:30,3.5,3.5,3.3,3.35,617630,3339180
2026-01-19 13:51:00+05:30,3.4,3.4,3.25,3.35,417105,3339180
2026-01-19 13:52:00+05:30,3.35,3.45,3.2,3.3,322010,3339180
2026-01-19 13:53:00+05:30,3.3,3.4,3.25,3.35,198250,3161665
2026-01-19 13:54:00+05:30,3.4,3.5,3.4,3.45,155025,3161665
2026-01-19 13:55:00+05:30,3.4,3.4,3.15,3.25,181415,3161665
2026-01-19 13:56:00+05:30,3.3,3.35,3.25,3.25,154570,3125655
2026-01-19 13:57:00+05:30,3.3,3.3,3.2,3.25,111540,3125655
2026-01-19 13:58:00+05:30,3.25,3.3,3.2,3.25,100360,3125655
2026-01-19 13:59:00+05:30,3.2,3.25,3.15,3.25,146965,3075475
2026-01-19 14:00:00+05:30,3.2,3.25,3.2,3.25,104780,3075475
2026-01-19 14:01:00+05:30,3.25,3.3,3.15,3.25,236990,3075475
2026-01-19 14:02:00+05:30,3.3,3.35,3.2,3.25,125255,3082040
2026-01-19 14:03:00+05:30,3.3,3.35,3.25,3.3,121615,3082040
2026-01-19 14:04:00+05:30,3.3,3.55,3.3,3.5,348205,3082040
2026-01-19 14:05:00+05:30,3.5,3.6,3.45,3.6,258635,3136510
2026-01-19 14:06:00+05:30,3.55,3.55,3.4,3.4,224900,3136510
2026-01-19 14:07:00+05:30,3.45,3.45,3.35,3.35,101660,3136510
2026-01-19 14:08:00+05:30,3.35,3.4,3.35,3.4,55640,3179930
2026-01-19 14:09:00+05:30,3.35,3.45,3.35,3.4,119275,3179930
2026-01-19 14:10:00+05:30,3.4,3.45,3.4,3.45,230685,3179930
2026-01-19 14:11:00+05:30,3.4,3.6,3.4,3.6,353145,3289455
2026-01-19 14:12:00+05:30,3.55,3.65,3.45,3.5,126945,3289455
2026-01-19 14:13:00+05:30,3.5,3.65,3.5,3.55,133120,3289455
2026-01-19 14:14:00+05:30,3.6,3.6,3.4,3.5,118300,3336060
2026-01-19 14:15:00+05:30,3.5,3.55,3.35,3.5,142025,3336060
2026-01-19 14:16:00+05:30,3.45,3.55,3.45,3.45,136695,3336060
2026-01-19 14:17:00+05:30,3.45,3.65,3.45,3.6,94510,3307265
2026-01-19 14:18:00+05:30,3.6,3.6,3.4,3.5,147030,3307265
2026-01-19 14:19:00+05:30,3.5,3.5,3.45,3.5,126425,3307265
2026-01-19 14:20:00+05:30,3.45,3.5,3.4,3.4,110370,3254550
2026-01-19 14:21:00+05:30,3.4,3.45,3.35,3.4,184730,3254550
2026-01-19 14:22:00+05:30,3.35,3.5,3.35,3.5,118820,3254550
2026-01-19 14:23:00+05:30,3.5,3.5,3.35,3.45,75855,3285295
2026-01-19 14:24:00+05:30,3.4,3.45,3.35,3.4,126295,3285295
2026-01-19 14:25:00+05:30,3.4,3.5,3.4,3.5,102700,3285295
2026-01-19 14:26:00+05:30,3.5,3.55,3.45,3.5,108355,3249415
2026-01-19 14:27:00+05:30,3.5,3.6,3.5,3.55,146315,3249415
2026-01-19 14:28:00+05:30,3.55,3.7,3.55,3.6,144170,3249415
2026-01-19 14:29:00+05:30,3.65,3.65,3.45,3.55,164255,3319355
2026-01-19 14:30:00+05:30,3.55,3.55,3.4,3.4,261820,3319355
2026-01-19 14:31:00+05:30,3.4,3.45,3.35,3.4,191880,3319355
2026-01-19 14:32:00+05:30,3.4,3.4,3.35,3.4,34060,3278340
2026-01-19 14:33:00+05:30,3.35,3.45,3.35,3.4,119145,3278340
2026-01-19 14:34:00+05:30,3.4,3.4,3.3,3.35,29705,3278340
2026-01-19 14:35:00+05:30,3.4,3.45,3.35,3.4,127725,3260400
2026-01-19 14:36:00+05:30,3.35,3.4,3.35,3.35,31460,3260400
2026-01-19 14:37:00+05:30,3.35,3.45,3.35,3.4,50635,3260400
2026-01-19 14:38:00+05:30,3.4,3.4,3.3,3.3,106145,3238430
2026-01-19 14:39:00+05:30,3.35,3.35,3.3,3.35,114855,3238430
2026-01-19 14:40:00+05:30,3.35,3.35,3.25,3.25,44655,3238430
2026-01-19 14:41:00+05:30,3.25,3.35,3.25,3.35,61295,3225495
2026-01-19 14:42:00+05:30,3.3,3.3,3.2,3.2,182845,3225495
2026-01-19 14:43:00+05:30,3.2,3.3,3.2,3.2,197145,3225495
2026-01-19 14:44:00+05:30,3.2,3.3,3.2,3.25,203645,3210025
2026-01-19 14:45:00+05:30,3.2,3.2,3.1,3.15,136045,3210025
2026-01-19 14:46:00+05:30,3.2,3.2,3.1,3.1,175110,3210025
2026-01-19 14:47:00+05:30,3.15,3.2,3.1,3.15,106665,3208140
2026-01-19 14:48:00+05:30,3.15,3.2,3.1,3.15,57590,3208140
2026-01-19 14:49:00+05:30,3.15,3.15,3.05,3.15,143065,3208140
2026-01-19 14:50:00+05:30,3.1,3.15,3.05,3.1,80600,3238885
2026-01-19 14:51:00+05:30,3.1,3.15,3.05,3.1,174330,3238885
2026-01-19 14:52:00+05:30,3.05,3.05,2.95,3.0,289900,3238885
2026-01-19 14:53:00+05:30,3.05,3.1,3.0,3.05,275080,3187730
2026-01-19 14:54:00+05:30,3.1,3.1,3.0,3.1,121485,3187730
2026-01-19 14:55:00+05:30,3.05,3.2,3.05,3.15,329420,3187730
2026-01-19 14:56:00+05:30,3.15,3.2,3.1,3.1,139035,3246620
2026-01-19 14:57:00+05:30,3.2,3.25,3.1,3.2,183430,3246620
2026-01-19 14:58:00+05:30,3.2,3.25,3.1,3.1,208065,3246620
2026-01-19 14:59:00+05:30,3.2,3.2,3.15,3.2,171925,3185910
2026-01-19 15:00:00+05:30,3.2,3.3,3.2,3.25,231985,3185910
2026-01-19 15:01:00+05:30,3.3,3.4,3.25,3.35,98475,3185910
2026-01-19 15:02:00+05:30,3.4,3.6,3.4,3.55,1226810,3752385
2026-01-19 15:03:00+05:30,3.5,3.5,3.35,3.4,170365,3752385
2026-01-19 15:04:00+05:30,3.4,3.5,3.35,3.4,119210,3752385
2026-01-19 15:05:00+05:30,3.4,3.45,3.25,3.3,234910,3729375
2026-01-19 15:06:00+05:30,3.25,3.3,3.1,3.1,183105,3729375
2026-01-19 15:07:00+05:30,3.15,3.15,2.95,3.0,327275,3729375
2026-01-19 15:08:00+05:30,3.0,3.1,2.9,2.95,483080,3764150
2026-01-19 15:09:00+05:30,2.95,3.0,2.85,3.0,318435,3764150
2026-01-19 15:10:00+05:30,2.95,3.1,2.95,3.0,342550,3764150
2026-01-19 15:11:00+05:30,3.0,3.0,2.85,2.85,356265,3764150
2026-01-19 15:12:00+05:30,2.85,2.85,2.8,2.8,338975,3765775
2026-01-19 15:13:00+05:30,2.85,2.9,2.75,2.85,235820,3765775
2026-01-19 15:14:00+05:30,2.9,2.9,2.8,2.9,330395,3765775
2026-01-19 15:15:00+05:30,2.9,2.95,2.8,2.85,670020,3734705
2026-01-19 15:16:00+05:30,2.85,3.05,2.85,3.05,433940,3734705
2026-01-19 15:17:00+05:30,3.0,3.2,3.0,3.1,355225,3734705
2026-01-19 15:18:00+05:30,3.15,3.25,3.05,3.15,281645,3567005
2026-01-19 15:19:00+05:30,3.2,3.3,3.2,3.25,192920,3567005
2026-01-19 15:20:00+05:30,3.25,4.15,3.25,3.8,1165125,3567005
2026-01-19 15:21:00+05:30,3.75,4.05,3.65,3.65,1040065,3480880
2026-01-19 15:22:00+05:30,3.65,3.65,3.35,3.4,993720,3480880
2026-01-19 15:23:00+05:30,3.5,3.55,3.4,3.5,484185,3480880
2026-01-19 15:24:00+05:30,3.45,3.55,3.3,3.3,502125,3473340
2026-01-19 15:25:00+05:30,3.35,3.65,3.35,3.45,922870,3473340
2026-01-19 15:26:00+05:30,3.45,3.55,3.4,3.45,895895,3473340
2026-01-19 15:27:00+05:30,3.5,3.5,3.35,3.4,423995,3819530
2026-01-19 15:28:00+05:30,3.4,3.45,3.3,3.4,210600,3819530
2026-01-19 15:29:00+05:30,3.4,3.45,2.95,3.0,355290,3819530
2026-01-20 09:15:00+05:30,2.5,2.5,1.4,1.55,1851915,3499665
2026-01-20 09:16:00+05:30,1.55,1.6,1.5,1.55,1198080,3483090
2026-01-20 09:17:00+05:30,1.55,1.55,1.45,1.45,896610,3483090
2026-01-20 09:18:00+05:30,1.4,1.45,1.35,1.45,787605,3483090
2026-01-20 09:19:00+05:30,1.4,1.45,1.35,1.4,608335,3604120
2026-01-20 09:20:00+05:30,1.45,1.45,1.3,1.35,613795,3604120
2026-01-20 09:21:00+05:30,1.35,1.35,1.25,1.3,389610,3604120
2026-01-20 09:22:00+05:30,1.3,1.45,1.25,1.4,838370,3681405
2026-01-20 09:23:00+05:30,1.45,1.5,1.4,1.5,384280,3681405
2026-01-20 09:24:00+05:30,1.45,1.6,1.45,1.6,736970,3681405
2026-01-20 09:25:00+05:30,1.6,1.65,1.55,1.65,689390,3872310
2026-01-20 09:26:00+05:30,1.6,1.6,1.5,1.6,363285,3872310
2026-01-20 09:27:00+05:30,1.55,2.1,1.55,2.1,1102790,3872310
2026-01-20 09:28:00+05:30,2.0,2.0,1.85,1.9,919490,4001205
2026-01-20 09:29:00+05:30,1.95,2.04,1.9,2.04,761865,4001205
2026-01-20 09:30:00+05:30,2.04,2.04,1.9,1.95,860015,4001205
2026-01-20 09:31:00+05:30,1.95,2.0,1.85,2.0,607360,4101955
2026-01-20 09:32:00+05:30,1.95,2.04,1.9,1.95,586040,4101955
2026-01-20 09:33:00+05:30,1.95,1.95,1.75,1.85,474565,4101955
2026-01-20 09:34:00+05:30,1.85,2.0,1.85,1.95,213135,4136275
2026-01-20 09:35:00+05:30,2.0,2.1,1.85,2.1,645320,4136275
2026-01-20 09:36:00+05:30,2.1,2.9,2.1,2.7,1796340,4136275
2026-01-20 09:37:00+05:30,2.6,2.75,2.45,2.7,873405,4304430
2026-01-20 09:38:00+05:30,2.7,2.7,2.45,2.54,655330,4304430
2026-01-20 09:39:00+05:30,2.6,2.6,2.4,2.5,726830,4304430
2026-01-20 09:40:00+05:30,2.54,2.54,2.29,2.35,470535,4357470
2026-01-20 09:41:00+05:30,2.35,2.54,2.2,2.35,1073085,4357470
2026-01-20 09:42:00+05:30,2.29,2.5,2.29,2.45,477100,4357470
2026-01-20 09:43:00+05:30,2.35,2.35,2.15,2.25,338000,4359290
2026-01-20 09:44:00+05:30,2.29,2.29,2.15,2.15,383305,4359290
2026-01-20 09:45:00+05:30,2.2,2.25,2.15,2.25,426075,4359290
2026-01-20 09:46:00+05:30,2.29,2.4,2.25,2.29,353405,4420715
2026-01-20 09:47:00+05:30,2.25,2.35,2.15,2.29,397735,4420715
2026-01-20 09:48:00+05:30,2.35,2.35,2.25,2.29,382655,4420715
2026-01-20 09:49:00+05:30,2.25,2.4,2.25,2.25,407875,4449315
2026-01-20 09:50:00+05:30,2.29,2.35,2.2,2.2,484380,4449315
2026-01-20 09:51:00+05:30,2.2,2.25,2.1,2.1,396500,4449315
2026-01-20 09:52:00+05:30,2.15,2.29,2.1,2.25,496275,4586530
2026-01-20 09:53:00+05:30,2.25,2.35,2.25,2.35,384020,4586530
2026-01-20 09:54:00+05:30,2.7,3.5,2.7,3.3,2223780,4586530
2026-01-20 09:55:00+05:30,3.3,3.3,2.45,2.5,1467765,4608760
2026-01-20 09:56:00+05:30,2.35,2.65,2.35,2.65,1171495,4608760
2026-01-20 09:57:00+05:30,2.6,2.65,2.4,2.65,906750,4608760
2026-01-20 09:58:00+05:30,2.6,2.65,2.25,2.29,575770,4791215
2026-01-20 09:59:00+05:30,2.29,2.5,2.25,2.35,403845,4791215
2026-01-20 10:00:00+05:30,2.35,2.4,2.1,2.25,689325,4791215
2026-01-20 10:01:00+05:30,2.29,2.4,2.2,2.29,342550,4746365
2026-01-20 10:02:00+05:30,2.25,2.25,2.04,2.1,416130,4746365
2026-01-20 10:03:00+05:30,2.15,2.25,2.1,2.15,530725,4746365
2026-01-20 10:04:00+05:30,2.15,2.15,1.95,2.0,357435,4851275
2026-01-20 10:05:00+05:30,1.95,2.15,1.95,2.1,439790,4851275
2026-01-20 10:06:00+05:30,2.04,2.1,1.95,2.0,856245,4851275
2026-01-20 10:07:00+05:30,2.0,2.1,1.9,1.9,864240,5300100
2026-01-20 10:08:00+05:30,1.9,1.95,1.85,1.95,505635,5300100
2026-01-20 10:09:00+05:30,2.0,2.04,1.9,1.9,308360,5300100
2026-01-20 10:10:00+05:30,1.95,2.0,1.85,1.85,299650,5281120
2026-01-20 10:11:00+05:30,1.9,1.95,1.85,1.9,249470,5281120
2026-01-20 10:12:00+05:30,1.85,2.0,1.85,1.95,376415,5281120
2026-01-20 10:13:00+05:30,1.95,2.0,1.95,1.95,531700,5265260
2026-01-20 10:14:00+05:30,2.0,2.0,1.85,1.9,287105,5265260
2026-01-20 10:15:00+05:30,1.95,2.04,1.85,1.9,525590,5265260
2026-01-20 10:16:00+05:30,1.9,2.1,1.9,2.04,977860,5351060
2026-01-20 10:17:00+05:30,2.1,2.2,2.04,2.04,576290,5351060
2026-01-20 10:18:00+05:30,2.1,2.1,1.8,1.8,849225,5351060
2026-01-20 10:19:00+05:30,1.8,1.85,1.75,1.75,293410,5715450
2026-01-20 10:20:00+05:30,1.8,1.8,1.65,1.7,494650,5715450
2026-01-20 10:21:00+05:30,1.7,1.8,1.7,1.75,403390,5715450
2026-01-20 10:22:00+05:30,1.7,1.75,1.6,1.6,425100,5669365
2026-01-20 10:23:00+05:30,1.65,1.65,1.55,1.55,289770,5669365
2026-01-20 10:24:00+05:30,1.55,1.65,1.55,1.65,233545,5669365
2026-01-20 10:25:00+05:30,1.6,1.65,1.6,1.6,230815,5680090
2026-01-20 10:26:00+05:30,1.6,1.7,1.55,1.65,294775,5680090
2026-01-20 10:27:00+05:30,1.7,1.75,1.6,1.65,301275,5680090
2026-01-20 10:28:00+05:30,1.65,1.65,1.55,1.6,207740,5652530
2026-01-20 10:29:00+05:30,1.65,1.65,1.6,1.65,111020,5652530
2026-01-20 10:30:00+05:30,1.65,1.65,1.6,1.65,151775,5652530
2026-01-20 10:31:00+05:30,1.65,1.8,1.65,1.75,305110,5752240
2026-01-20 10:32:00+05:30,1.7,1.8,1.6,1.6,269685,5752240
2026-01-20 10:33:00+05:30,1.6,1.7,1.6,1.7,261040,5752240
2026-01-20 10:34:00+05:30,1.65,1.7,1.6,1.6,94055,5791760
2026-01-20 10:35:00+05:30,1.65,1.7,1.6,1.6,222625,5791760
2026-01-20 10:36:00+05:30,1.6,1.65,1.55,1.55,232505,5791760
2026-01-20 10:37:00+05:30,1.55,1.55,1.35,1.35,334815,5785455
2026-01-20 10:38:00+05:30,1.4,1.4,1.3,1.35,382135,5785455
2026-01-20 10:39:00+05:30,1.3,1.4,1.3,1.4,358280,5785455
2026-01-20 10:40:00+05:30,1.4,1.5,1.4,1.4,382200,5884840
2026-01-20 10:41:00+05:30,1.4,1.5,1.4,1.5,259805,5884840
2026-01-20 10:42:00+05:30,1.45,1.5,1.45,1.45,81055,5884840
2026-01-20 10:43:00+05:30,1.5,1.5,1.4,1.45,134160,5946330
2026-01-20 10:44:00+05:30,1.45,1.5,1.45,1.5,185640,5946330
2026-01-20 10:45:00+05:30,1.5,1.55,1.45,1.5,285935,5946330
2026-01-20 10:46:00+05:30,1.5,1.5,1.45,1.45,42835,5977010
2026-01-20 10:47:00+05:30,1.5,1.5,1.4,1.45,98410,5977010
2026-01-20 10:48:00+05:30,1.45,1.5,1.45,1.5,83135,5977010
2026-01-20 10:49:00+05:30,1.5,1.5,1.45,1.45,232115,6010810
2026-01-20 10:50:00+05:30,1.4,1.55,1.4,1.5,414180,6010810
2026-01-20 10:51:00+05:30,1.5,1.65,1.5,1.65,320905,6010810
2026-01-20 10:52:00+05:30,1.65,1.7,1.6,1.7,228670,6036290
2026-01-20 10:53:00+05:30,1.65,1.65,1.55,1.55,159315,6036290
2026-01-20 10:54:00+05:30,1.6,1.65,1.55,1.6,116870,6036290
2026-01-20 10:55:00+05:30,1.6,1.65,1.55,1.65,106340,6093945
2026-01-20 10:56:00+05:30,1.6,1.65,1.55,1.6,210275,6093945
2026-01-20 10:57:00+05:30,1.55,1.6,1.55,1.55,150800,6093945
2026-01-20 10:58:00+05:30,1.55,1.6,1.55,1.6,118950,6061185
2026-01-20 10:59:00+05:30,1.55,1.6,1.5,1.55,199225,6061185
2026-01-20 11:00:00+05:30,1.5,1.55,1.5,1.55,72995,6061185
2026-01-20 11:01:00+05:30,1.5,1.6,1.5,1.6,190125,5952635
2026-01-20 11:02:00+05:30,1.6,1.6,1.45,1.45,234780,5952635
2026-01-20 11:03:00+05:30,1.45,1.55,1.45,1.5,138580,5952635
2026-01-20 11:04:00+05:30,1.55,1.55,1.45,1.5,172575,5979285
2026-01-20 11:05:00+05:30,1.5,1.55,1.45,1.5,483405,5979285
2026-01-20 11:06:00+05:30,1.5,1.55,1.5,1.5,68120,5979285
2026-01-20 11:07:00+05:30,1.55,1.55,1.45,1.45,122785,5809245
2026-01-20 11:08:00+05:30,1.45,1.5,1.4,1.45,208065,5809245
2026-01-20 11:09:00+05:30,1.45,1.5,1.45,1.45,130975,5809245
2026-01-20 11:10:00+05:30,1.45,1.45,1.4,1.4,111020,5745805
2026-01-20 11:11:00+05:30,1.45,1.45,1.4,1.4,304655,5745805
2026-01-20 11:12:00+05:30,1.4,1.45,1.35,1.4,227175,5745805
2026-01-20 11:13:00+05:30,1.4,1.5,1.4,1.45,212225,5790265
2026-01-20 11:14:00+05:30,1.5,1.5,1.4,1.45,189670,5790265
2026-01-20 11:15:00+05:30,1.45,1.5,1.4,1.5,124410,5790265
2026-01-20 11:16:00+05:30,1.45,1.5,1.3,1.3,178750,5802095
2026-01-20 11:17:00+05:30,1.3,1.35,1.3,1.35,301015,5802095
2026-01-20 11:18:00+05:30,1.35,1.35,1.3,1.3,152425,5802095
2026-01-20 11:19:00+05:30,1.3,1.35,1.3,1.3,75140,5874375
2026-01-20 11:20:00+05:30,1.35,1.35,1.3,1.3,102180,5874375
2026-01-20 11:21:00+05:30,1.3,1.35,1.3,1.3,74165,5874375
2026-01-20 11:22:00+05:30,1.3,1.3,1.25,1.3,276380,5842785
2026-01-20 11:23:00+05:30,1.3,1.3,1.25,1.3,47190,5842785
2026-01-20 11:24:00+05:30,1.25,1.3,1.25,1.3,47320,5842785
2026-01-20 11:25:00+05:30,1.25,1.3,1.25,1.25,31720,5833295
2026-01-20 11:26:00+05:30,1.25,1.3,1.25,1.3,28990,5833295
2026-01-20 11:27:00+05:30,1.25,1.3,1.2,1.25,166075,5833295
2026-01-20 11:28:00+05:30,1.25,1.25,1.2,1.25,88140,5900310
2026-01-20 11:29:00+05:30,1.25,1.25,1.2,1.2,178490,5900310
2026-01-20 11:30:00+05:30,1.25,1.25,1.2,1.25,148850,5900310
2026-01-20 11:31:00+05:30,1.2,1.25,1.14,1.2,91910,5900310
2026-01-20 11:32:00+05:30,1.2,1.2,1.1,1.14,336895,5819515
2026-01-20 11:33:00+05:30,1.1,1.14,1.05,1.1,458055,5819515
2026-01-20 11:34:00+05:30,1.1,1.14,1.1,1.1,57330,5568225
2026-01-20 11:35:00+05:30,1.14,1.14,1.1,1.1,105105,5568225
2026-01-20 11:36:00+05:30,1.1,1.1,1.05,1.1,104000,5568225
2026-01-20 11:37:00+05:30,1.05,1.1,1.05,1.1,100815,5585320
2026-01-20 11:38:00+05:30,1.05,1.1,1.0,1.0,106080,5585320
2026-01-20 11:39:00+05:30,1.0,1.05,1.0,1.05,142350,5585320
2026-01-20 11:40:00+05:30,1.05,1.05,1.0,1.05,215995,5585320
2026-01-20 11:41:00+05:30,1.05,1.1,1.05,1.05,354510,5716425
2026-01-20 11:42:00+05:30,1.05,1.1,1.05,1.05,79365,5716425
2026-01-20 11:43:00+05:30,1.1,1.1,1.05,1.1,52585,5716425
2026-01-20 11:44:00+05:30,1.05,1.1,1.05,1.1,123045,5677165
2026-01-20 11:45:00+05:30,1.05,1.14,1.05,1.14,82160,5677165
2026-01-20 11:46:00+05:30,1.1,1.14,1.1,1.14,83070,5677165
2026-01-20 11:47:00+05:30,1.14,1.14,1.1,1.14,131495,5683795
2026-01-20 11:48:00+05:30,1.1,1.14,1.05,1.05,72085,5683795
2026-01-20 11:49:00+05:30,1.1,1.1,1.05,1.1,140400,5683795
2026-01-20 11:50:00+05:30,1.1,1.14,1.1,1.14,18330,5708105
2026-01-20 11:51:00+05:30,1.1,1.14,1.05,1.1,60645,5708105
2026-01-20 11:52:00+05:30,1.1,1.1,1.05,1.1,37635,5708105
2026-01-20 11:53:00+05:30,1.1,1.1,1.05,1.1,114790,5682170
2026-01-20 11:54:00+05:30,1.05,1.1,1.0,1.0,211315,5682170
2026-01-20 11:55:00+05:30,1.0,1.05,1.0,1.0,106990,5682170
2026-01-20 11:56:00+05:30,1.05,1.1,1.0,1.05,420875,5637645
2026-01-20 11:57:00+05:30,1.05,1.05,1.0,1.05,191880,5637645
2026-01-20 11:58:00+05:30,1.05,1.05,1.0,1.05,29380,5637645
2026-01-20 11:59:00+05:30,1.05,1.05,1.0,1.0,31525,5783635
2026-01-20 12:00:00+05:30,1.0,1.05,1.0,1.05,111670,5783635
2026-01-20 12:01:00+05:30,1.1,1.1,1.05,1.1,180830,5783635
2026-01-20 12:02:00+05:30,1.14,1.14,1.1,1.14,302965,5823350
2026-01-20 12:03:00+05:30,1.14,1.2,1.1,1.14,272090,5823350
2026-01-20 12:04:00+05:30,1.14,1.25,1.14,1.2,447265,5823350
2026-01-20 12:05:00+05:30,1.25,1.25,1.14,1.2,190710,5870020
2026-01-20 12:06:00+05:30,1.14,1.25,1.14,1.25,390845,5870020
2026-01-20 12:07:00+05:30,1.2,1.25,1.14,1.2,328835,5870020
2026-01-20 12:08:00+05:30,1.25,1.3,1.14,1.3,321815,6052020
2026-01-20 12:09:00+05:30,1.25,1.35,1.25,1.35,556465,6052020
2026-01-20 12:10:00+05:30,1.35,1.35,1.2,1.25,558025,6052020
2026-01-20 12:11:00+05:30,1.3,1.3,1.25,1.25,484380,6161480
2026-01-20 12:12:00+05:30,1.3,1.3,1.2,1.25,291005,6161480
2026-01-20 12:13:00+05:30,1.2,1.3,1.2,1.2,367380,6161480
2026-01-20 12:14:00+05:30,1.2,1.25,1.2,1.25,176020,5965830
2026-01-20 12:15:00+05:30,1.25,1.25,1.14,1.14,128635,5965830
2026-01-20 12:16:00+05:30,1.14,1.2,1.14,1.14,28925,5965830
2026-01-20 12:17:00+05:30,1.2,1.2,1.14,1.2,99970,5955950
2026-01-20 12:18:00+05:30,1.2,1.2,1.14,1.2,41990,5955950
2026-01-20 12:19:00+05:30,1.2,1.2,1.14,1.2,53235,5955950
2026-01-20 12:20:00+05:30,1.2,1.25,1.14,1.14,89310,6027060
2026-01-20 12:21:00+05:30,1.2,1.25,1.14,1.25,166140,6027060
2026-01-20 12:22:00+05:30,1.25,1.25,1.2,1.25,108810,6027060
2026-01-20 12:23:00+05:30,1.25,1.25,1.2,1.25,223990,6000670
2026-01-20 12:24:00+05:30,1.25,1.3,1.2,1.25,202085,6000670
2026-01-20 12:25:00+05:30,1.25,1.3,1.2,1.3,128115,6000670
2026-01-20 12:26:00+05:30,1.3,1.3,1.14,1.14,150345,6034600
2026-01-20 12:27:00+05:30,1.14,1.25,1.14,1.14,168415,6034600
2026-01-20 12:28:00+05:30,1.14,1.2,1.14,1.14,58045,6034600
2026-01-20 12:29:00+05:30,1.14,1.25,1.14,1.25,242840,6038175
2026-01-20 12:30:00+05:30,1.25,1.25,1.2,1.25,64740,6038175
2026-01-20 12:31:00+05:30,1.25,1.25,1.2,1.2,180700,6038175
2026-01-20 12:32:00+05:30,1.2,1.25,1.2,1.2,89050,5999240
2026-01-20 12:33:00+05:30,1.2,1.3,1.2,1.25,53950,5999240
2026-01-20 12:34:00+05:30,1.3,1.35,1.25,1.3,122330,5999240
2026-01-20 12:35:00+05:30,1.3,1.35,1.3,1.35,32695,5905705
2026-01-20 12:36:00+05:30,1.3,1.35,1.3,1.35,77480,5905705
2026-01-20 12:37:00+05:30,1.35,1.35,1.3,1.3,70915,5905705
2026-01-20 12:38:00+05:30,1.25,1.3,1.25,1.25,60905,5899465
2026-01-20 12:39:00+05:30,1.3,1.3,1.25,1.25,119275,5899465
2026-01-20 12:40:00+05:30,1.3,1.35,1.25,1.35,108355,5899465
2026-01-20 12:41:00+05:30,1.3,1.5,1.3,1.45,449800,5910905
2026-01-20 12:42:00+05:30,1.4,1.4,1.25,1.3,460915,5910905
2026-01-20 12:43:00+05:30,1.25,1.3,1.2,1.3,325065,5910905
2026-01-20 12:44:00+05:30,1.3,1.3,1.25,1.3,60060,5827575
2026-01-20 12:45:00+05:30,1.25,1.35,1.25,1.25,221000,5827575
2026-01-20 12:46:00+05:30,1.3,1.3,1.25,1.25,67990,5827575
2026-01-20 12:47:00+05:30,1.25,1.3,1.25,1.25,147875,5842070
2026-01-20 12:48:00+05:30,1.25,1.25,1.2,1.2,229580,5842070
2026-01-20 12:49:00+05:30,1.25,1.25,1.14,1.14,110240,5842070
2026-01-20 12:50:00+05:30,1.14,1.2,1.1,1.1,248820,5795660
2026-01-20 12:51:00+05:30,1.1,1.14,1.1,1.14,224380,5795660
2026-01-20 12:52:00+05:30,1.14,1.14,1.1,1.14,79690,5795660
2026-01-20 12:53:00+05:30,1.14,1.2,1.1,1.14,357370,5842395
2026-01-20 12:54:00+05:30,1.2,1.2,1.1,1.1,92235,5842395
2026-01-20 12:55:00+05:30,1.14,1.14,1.1,1.1,39455,5842395
2026-01-20 12:56:00+05:30,1.1,1.14,1.1,1.1,46670,5915390
2026-01-20 12:57:00+05:30,1.1,1.14,1.1,1.1,36660,5915390
2026-01-20 12:58:00+05:30,1.1,1.14,1.05,1.1,193830,5915390
2026-01-20 12:59:00+05:30,1.1,1.1,1.05,1.05,140270,5910580
2026-01-20 13:00:00+05:30,1.1,1.1,1.05,1.1,59670,5910580
2026-01-20 13:01:00+05:30,1.1,1.14,1.1,1.1,204100,5910580
2026-01-20 13:02:00+05:30,1.14,1.14,1.1,1.1,64675,5839730
2026-01-20 13:03:00+05:30,1.14,1.2,1.1,1.14,115310,5839730
2026-01-20 13:04:00+05:30,1.2,1.2,1.1,1.1,133250,5839730
2026-01-20 13:05:00+05:30,1.14,1.14,1.1,1.14,53560,5826145
2026-01-20 13:06:00+05:30,1.14,1.14,1.1,1.14,117585,5826145
2026-01-20 13:07:00+05:30,1.1,1.14,1.1,1.14,159185,5826145
2026-01-20 13:08:00+05:30,1.14,1.14,1.1,1.14,182455,5796050
2026-01-20 13:09:00+05:30,1.14,1.14,1.05,1.1,113425,5796050
2026-01-20 13:10:00+05:30,1.1,1.1,1.05,1.05,176800,5796050
2026-01-20 13:11:00+05:30,1.0,1.05,1.0,1.05,67405,5825235
2026-01-20 13:12:00+05:30,1.0,1.0,0.95,1.0,158535,5825235
2026-01-20 13:13:00+05:30,1.0,1.0,0.9,0.9,178880,5825235
2026-01-20 13:14:00+05:30,0.9,0.95,0.9,0.9,118690,5838755
2026-01-20 13:15:00+05:30,0.9,0.95,0.9,0.95,275210,5838755
2026-01-20 13:16:00+05:30,0.9,1.05,0.9,1.0,301145,5838755
2026-01-20 13:17:00+05:30,1.0,1.0,0.9,0.9,184730,5770180
2026-01-20 13:18:00+05:30,0.9,0.95,0.9,0.9,55055,5770180
2026-01-20 13:19:00+05:30,0.95,0.95,0.9,0.9,75075,5770180
2026-01-20 13:20:00+05:30,0.9,0.95,0.85,0.9,211900,5550220
2026-01-20 13:21:00+05:30,0.85,0.85,0.8,0.85,243295,5550220
2026-01-20 13:22:00+05:30,0.8,0.8,0.75,0.8,236340,5550220
2026-01-20 13:23:00+05:30,0.75,0.8,0.7,0.7,474240,5694130
2026-01-20 13:24:00+05:30,0.75,0.75,0.7,0.7,296660,5694130
2026-01-20 13:25:00+05:30,0.7,0.75,0.65,0.7,147095,5694130
2026-01-20 13:26:00+05:30,0.7,0.7,0.65,0.7,370695,5642130
2026-01-20 13:27:00+05:30,0.7,0.75,0.65,0.7,234975,5642130
2026-01-20 13:28:00+05:30,0.75,0.75,0.7,0.75,143845,5642130
2026-01-20 13:29:00+05:30,0.7,0.75,0.7,0.7,118495,5590650
2026-01-20 13:30:00+05:30,0.7,0.75,0.7,0.75,101400,5590650
2026-01-20 13:31:00+05:30,0.7,0.75,0.7,0.7,89895,5590650
2026-01-20 13:32:00+05:30,0.75,0.8,0.7,0.75,156455,5564910
2026-01-20 13:33:00+05:30,0.75,0.85,0.7,0.85,259675,5564910
2026-01-20 13:34:00+05:30,0.8,0.9,0.75,0.85,569140,5564910
2026-01-20 13:35:00+05:30,0.8,0.85,0.75,0.75,412035,5495685
2026-01-20 13:36:00+05:30,0.8,0.9,0.75,0.9,1661270,5495685
2026-01-20 13:37:00+05:30,0.9,0.9,0.7,0.75,1270880,5495685
2026-01-20 13:38:00+05:30,0.75,0.75,0.65,0.75,522535,5132660
2026-01-20 13:39:00+05:30,0.7,0.8,0.7,0.75,632580,5132660
2026-01-20 13:40:00+05:30,0.75,0.95,0.75,0.9,602420,5132660
2026-01-20 13:41:00+05:30,0.9,0.95,0.8,0.8,833235,5072340
2026-01-20 13:42:00+05:30,0.8,0.85,0.8,0.8,382005,5072340
2026-01-20 13:43:00+05:30,0.85,0.85,0.8,0.85,147160,5072340
2026-01-20 13:44:00+05:30,0.8,0.85,0.8,0.8,100035,5048940
2026-01-20 13:45:00+05:30,0.85,0.9,0.85,0.9,581360,5048940
2026-01-20 13:46:00+05:30,0.85,0.9,0.85,0.85,162370,5048940
2026-01-20 13:47:00+05:30,0.9,0.95,0.85,0.9,195585,5155540
2026-01-20 13:48:00+05:30,0.9,0.95,0.85,0.9,223470,5155540
2026-01-20 13:49:00+05:30,0.85,1.14,0.85,1.1,793780,5155540
2026-01-20 13:50:00+05:30,1.05,1.14,1.0,1.1,631670,5241925
2026-01-20 13:51:00+05:30,1.1,1.1,1.0,1.1,860470,5241925
2026-01-20 13:52:00+05:30,1.1,1.1,1.0,1.05,517205,5241925
2026-01-20 13:53:00+05:30,1.0,1.05,0.9,0.95,174135,5306795
2026-01-20 13:54:00+05:30,0.9,1.0,0.9,0.95,455780,5306795
2026-01-20 13:55:00+05:30,0.95,1.0,0.9,0.9,285480,5306795
2026-01-20 13:56:00+05:30,0.9,0.95,0.9,0.9,119145,5348850
2026-01-20 13:57:00+05:30,0.9,0.9,0.85,0.85,260650,5348850
2026-01-20 13:58:00+05:30,0.85,0.95,0.85,0.95,276705,5348850
2026-01-20 13:59:00+05:30,0.95,0.95,0.85,0.9,111735,5351125
2026-01-20 14:00:00+05:30,0.9,1.0,0.9,0.95,218205,5351125
2026-01-20 14:01:00+05:30,0.9,0.95,0.9,0.9,127920,5351125
2026-01-20 14:02:00+05:30,0.95,1.05,0.9,1.0,249600,5305365
2026-01-20 14:03:00+05:30,1.0,1.14,0.95,1.1,1117935,5305365
2026-01-20 14:04:00+05:30,1.14,1.14,0.8,0.8,1214915,5305365
2026-01-20 14:05:00+05:30,0.8,0.85,0.8,0.8,336245,5413005
2026-01-20 14:06:00+05:30,0.85,0.9,0.8,0.9,297960,5413005
2026-01-20 14:07:00+05:30,0.9,0.95,0.85,0.9,200395,5413005
2026-01-20 14:08:00+05:30,0.9,0.95,0.85,0.85,269100,5342480
2026-01-20 14:09:00+05:30,0.85,0.9,0.8,0.9,186420,5342480
2026-01-20 14:10:00+05:30,0.85,0.95,0.85,0.9,295360,5342480
2026-01-20 14:11:00+05:30,0.9,0.9,0.8,0.8,394745,5412680
2026-01-20 14:12:00+05:30,0.85,0.85,0.8,0.85,95225,5412680
2026-01-20 14:13:00+05:30,0.85,0.85,0.75,0.75,458120,5412680
2026-01-20 14:14:00+05:30,0.75,0.75,0.7,0.7,462345,5395260
2026-01-20 14:15:00+05:30,0.7,0.7,0.65,0.65,380315,5395260
2026-01-20 14:16:00+05:30,0.65,0.7,0.65,0.65,338975,5395260
2026-01-20 14:17:00+05:30,0.7,0.7,0.6,0.6,503100,5325905
2026-01-20 14:18:00+05:30,0.65,0.7,0.6,0.7,1010685,5325905
2026-01-20 14:19:00+05:30,0.65,0.75,0.65,0.7,110955,5325905
2026-01-20 14:20:00+05:30,0.75,0.75,0.7,0.75,580450,5326555
2026-01-20 14:21:00+05:30,0.75,0.75,0.7,0.7,215020,5326555
2026-01-20 14:22:00+05:30,0.7,0.75,0.7,0.7,192595,5326555
2026-01-20 14:23:00+05:30,0.7,0.75,0.7,0.7,194285,5291975
2026-01-20 14:24:00+05:30,0.7,0.8,0.7,0.75,698490,5291975
2026-01-20 14:25:00+05:30,0.8,0.8,0.7,0.7,140725,5291975
2026-01-20 14:26:00+05:30,0.7,0.75,0.65,0.7,373425,5125965
2026-01-20 14:27:00+05:30,0.7,0.75,0.65,0.7,605345,5125965
2026-01-20 14:28:00+05:30,0.65,0.7,0.65,0.65,249340,5125965
2026-01-20 14:29:00+05:30,0.65,0.7,0.65,0.65,508950,5297240
2026-01-20 14:30:00+05:30,0.65,0.7,0.6,0.65,485810,5297240
2026-01-20 14:31:00+05:30,0.65,0.65,0.6,0.65,256555,5297240
2026-01-20 14:32:00+05:30,0.65,0.65,0.6,0.6,211445,5346965
2026-01-20 14:33:00+05:30,0.6,0.65,0.6,0.65,362050,5346965
2026-01-20 14:34:00+05:30,0.65,0.7,0.65,0.65,277615,5346965
2026-01-20 14:35:00+05:30,0.7,0.7,0.65,0.7,961675,5552950
2026-01-20 14:36:00+05:30,0.7,0.7,0.55,0.55,488345,5552950
2026-01-20 14:37:00+05:30,0.6,0.6,0.55,0.6,389285,5552950
2026-01-20 14:38:00+05:30,0.6,0.6,0.55,0.55,385320,5586880
2026-01-20 14:39:00+05:30,0.55,0.6,0.5,0.55,412295,5586880
2026-01-20 14:40:00+05:30,0.5,0.55,0.5,0.55,311415,5586880
2026-01-20 14:41:00+05:30,0.5,0.55,0.5,0.5,435565,5360615
2026-01-20 14:42:00+05:30,0.55,0.6,0.5,0.55,1217320,5360615
2026-01-20 14:43:00+05:30,0.55,0.6,0.5,0.55,1360840,5360615
2026-01-20 14:44:00+05:30,0.5,0.55,0.4,0.4,452985,5626985
2026-01-20 14:45:00+05:30,0.4,0.45,0.35,0.4,623480,5626985
2026-01-20 14:46:00+05:30,0.45,0.45,0.4,0.45,260065,5626985
2026-01-20 14:47:00+05:30,0.45,0.5,0.45,0.5,858130,5482230
2026-01-20 14:48:00+05:30,0.5,0.5,0.35,0.4,506870,5482230
2026-01-20 14:49:00+05:30,0.4,0.45,0.4,0.45,475540,5482230
2026-01-20 14:50:00+05:30,0.4,0.45,0.4,0.4,154050,5507255
2026-01-20 14:51:00+05:30,0.45,0.5,0.4,0.5,461045,5507255
2026-01-20 14:52:00+05:30,0.45,0.45,0.4,0.4,865865,5507255
2026-01-20 14:53:00+05:30,0.45,0.45,0.35,0.45,398385,5431465
2026-01-20 14:54:00+05:30,0.4,0.45,0.4,0.4,169910,5431465
2026-01-20 14:55:00+05:30,0.4,0.5,0.4,0.5,355355,5431465
2026-01-20 14:56:00+05:30,0.45,0.55,0.45,0.55,217295,5431465
2026-01-20 14:57:00+05:30,0.55,0.55,0.4,0.45,732745,5316025
2026-01-20 14:58:00+05:30,0.45,0.45,0.4,0.45,343395,5316025
2026-01-20 14:59:00+05:30,0.45,0.45,0.3,0.35,811460,5316025
2026-01-20 15:00:00+05:30,0.3,0.35,0.3,0.35,1146405,5496335
2026-01-20 15:01:00+05:30,0.3,0.4,0.3,0.35,1487330,5496335
2026-01-20 15:02:00+05:30,0.3,0.35,0.3,0.3,1271010,5496335
2026-01-20 15:03:00+05:30,0.3,0.35,0.3,0.3,849420,5116995
2026-01-20 15:04:00+05:30,0.35,0.35,0.3,0.3,551720,5116995
2026-01-20 15:05:00+05:30,0.3,0.35,0.3,0.35,258570,5116995
2026-01-20 15:06:00+05:30,0.35,0.35,0.25,0.3,1334645,5150665
2026-01-20 15:07:00+05:30,0.25,0.3,0.2,0.25,647075,5150665
2026-01-20 15:08:00+05:30,0.25,0.25,0.15,0.15,1051960,5150665
2026-01-20 15:09:00+05:30,0.2,0.2,0.15,0.15,167700,5278845
2026-01-20 15:10:00+05:30,0.2,0.2,0.15,0.15,1495000,5278845
2026-01-20 15:11:00+05:30,0.15,0.8,0.15,0.7,4960540,5278845
2026-01-20 15:12:00+05:30,0.75,1.14,0.6,0.85,12806820,5217745
2026-01-20 15:13:00+05:30,0.9,1.0,0.5,0.6,7162025,5217745
2026-01-20 15:14:00+05:30,0.55,0.9,0.45,0.8,5931315,5217745
2026-01-20 15:15:00+05:30,0.8,0.8,0.35,0.4,6830005,7421700
2026-01-20 15:16:00+05:30,0.4,0.5,0.2,0.4,3509610,7421700
2026-01-20 15:17:00+05:30,0.45,0.65,0.45,0.6,3720015,7421700
2026-01-20 15:18:00+05:30,0.55,0.8,0.55,0.75,6294405,7299305
2026-01-20 15:19:00+05:30,0.7,0.8,0.6,0.75,5496725,7299305
2026-01-20 15:20:00+05:30,0.9,0.9,0.55,0.55,6055075,7299305
2026-01-20 15:21:00+05:30,0.5,0.55,0.25,0.3,4861350,8500440
2026-01-20 15:22:00+05:30,0.3,0.3,0.15,0.2,3011710,8500440
2026-01-20 15:23:00+05:30,0.2,0.2,0.1,0.1,2540070,8500440
2026-01-20 15:24:00+05:30,0.1,0.15,0.1,0.15,2354820,8577335
2026-01-20 15:25:00+05:30,0.1,0.15,0.05,0.1,3868670,8577335
2026-01-20 15:26:00+05:30,0.05,0.1,0.05,0.05,2003950,8577335
2026-01-20 15:27:00+05:30,0.05,0.1,0.05,0.1,2109445,6847165
2026-01-20 15:28:00+05:30,0.1,0.1,0.05,0.05,1769625,6847165
2026-01-20 15:29:00+05:30,0.05,0.05,0.05,0.05,197860,6847165
